categorie,Quantité totale,Année,Trimestre,Mois,Jour
EPICERIE,72,2024,Qtr 2,mai,21
EPICERIE,68,2024,Qtr 4,novembre,5
BOISSONS,67,2024,Qtr 2,mai,5
AUTRES,64,2024,Qtr 2,juin,2
CAFÉ & THÉ,62,2024,Qtr 1,février,23
BOISSONS,61,2024,Qtr 1,janvier,1
FRAIS,61,2024,Qtr 1,janvier,11
HYGIENE,61,2024,Qtr 2,mai,4
EPICERIE,60,2024,Qtr 1,février,19
FRAIS,60,2024,Qtr 3,juillet,8
CAFÉ & THÉ,58,2024,Qtr 4,novembre,12
CAFÉ & THÉ,57,2024,Qtr 3,juillet,31
FRAIS,57,2024,Qtr 4,octobre,7
CAFÉ & THÉ,52,2024,Qtr 3,août,7
FRAIS,52,2024,Qtr 3,juillet,18
FRAIS,52,2024,Qtr 4,octobre,8
AUTRES,51,2024,Qtr 1,janvier,8
BOISSONS,51,2024,Qtr 1,février,5
CAFÉ & THÉ,51,2024,Qtr 3,septembre,20
AUTRES,50,2024,Qtr 1,février,2
BOISSONS,50,2024,Qtr 4,décembre,4
EPICERIE,50,2024,Qtr 2,avril,26
AUTRES,49,2024,Qtr 4,octobre,27
BOISSONS,48,2024,Qtr 1,mars,17
CAFÉ & THÉ,48,2024,Qtr 4,décembre,25
AUTRES,47,2024,Qtr 3,août,9
AUTRES,47,2024,Qtr 3,septembre,19
AUTRES,47,2024,Qtr 4,octobre,14
BOISSONS,47,2024,Qtr 4,décembre,7
CAFÉ & THÉ,47,2024,Qtr 3,août,25
EPICERIE,47,2024,Qtr 2,mai,14
HYGIENE,47,2024,Qtr 4,octobre,28
AUTRES,46,2024,Qtr 4,décembre,19
BOISSONS,46,2024,Qtr 4,décembre,13
EPICERIE,46,2024,Qtr 1,février,15
EPICERIE,46,2024,Qtr 1,mars,1
EPICERIE,46,2024,Qtr 4,octobre,24
HYGIENE,46,2024,Qtr 1,mars,24
CAFÉ & THÉ,45,2024,Qtr 3,août,19
AUTRES,44,2024,Qtr 3,septembre,27
BOISSONS,44,2024,Qtr 1,mars,30
EPICERIE,44,2024,Qtr 3,juillet,8
EPICERIE,44,2024,Qtr 3,septembre,15
EPICERIE,44,2024,Qtr 4,décembre,3
AUTRES,43,2024,Qtr 1,mars,1
AUTRES,43,2024,Qtr 2,mai,25
BOISSONS,43,2024,Qtr 1,février,6
BOISSONS,43,2024,Qtr 3,août,5
BOISSONS,43,2024,Qtr 4,décembre,18
FRAIS,43,2024,Qtr 4,décembre,31
AUTRES,42,2024,Qtr 3,juillet,15
AUTRES,42,2024,Qtr 4,décembre,7
HYGIENE,42,2024,Qtr 1,février,17
HYGIENE,42,2024,Qtr 3,juillet,17
AUTRES,41,2024,Qtr 2,avril,8
BOISSONS,41,2024,Qtr 1,février,27
BOISSONS,41,2024,Qtr 2,mai,27
BOISSONS,41,2024,Qtr 2,juin,4
CAFÉ & THÉ,41,2024,Qtr 4,octobre,30
CAFÉ & THÉ,41,2024,Qtr 4,novembre,13
EPICERIE,41,2024,Qtr 1,janvier,3
EPICERIE,41,2024,Qtr 3,septembre,17
FRAIS,41,2024,Qtr 3,septembre,20
FRAIS,41,2024,Qtr 4,novembre,4
FRAIS,41,2024,Qtr 4,novembre,7
HYGIENE,41,2024,Qtr 1,janvier,24
HYGIENE,41,2024,Qtr 3,juillet,26
AUTRES,40,2024,Qtr 1,janvier,20
AUTRES,40,2024,Qtr 2,juin,26
BOISSONS,40,2024,Qtr 1,février,13
BOISSONS,40,2024,Qtr 3,juillet,2
BOISSONS,40,2024,Qtr 3,juillet,13
BOISSONS,40,2024,Qtr 4,décembre,2
CAFÉ & THÉ,40,2024,Qtr 1,janvier,1
CAFÉ & THÉ,40,2024,Qtr 1,février,26
CAFÉ & THÉ,40,2024,Qtr 1,mars,10
CAFÉ & THÉ,40,2024,Qtr 4,décembre,26
FRAIS,40,2024,Qtr 2,mai,24
FRAIS,40,2024,Qtr 4,décembre,10
HYGIENE,40,2024,Qtr 2,mai,23
AUTRES,39,2024,Qtr 1,février,7
BOISSONS,39,2024,Qtr 1,février,9
BOISSONS,39,2024,Qtr 4,octobre,21
BOISSONS,39,2024,Qtr 4,décembre,14
CAFÉ & THÉ,39,2024,Qtr 2,mai,10
CAFÉ & THÉ,39,2024,Qtr 4,novembre,18
EPICERIE,39,2024,Qtr 1,février,26
EPICERIE,39,2024,Qtr 2,avril,6
EPICERIE,39,2024,Qtr 2,mai,19
FRAIS,39,2024,Qtr 1,février,9
FRAIS,39,2024,Qtr 2,mai,10
FRAIS,39,2024,Qtr 3,août,14
FRAIS,39,2024,Qtr 3,septembre,17
HYGIENE,39,2024,Qtr 1,janvier,10
HYGIENE,39,2024,Qtr 2,mai,11
HYGIENE,39,2024,Qtr 4,octobre,12
AUTRES,38,2024,Qtr 4,octobre,19
EPICERIE,38,2024,Qtr 2,juin,18
EPICERIE,38,2024,Qtr 3,septembre,27
EPICERIE,38,2024,Qtr 3,septembre,28
FRAIS,38,2024,Qtr 2,juin,28
FRAIS,38,2024,Qtr 3,août,29
HYGIENE,38,2024,Qtr 1,février,15
AUTRES,37,2024,Qtr 3,juillet,8
AUTRES,37,2024,Qtr 4,octobre,30
AUTRES,37,2024,Qtr 4,décembre,25
BOISSONS,37,2024,Qtr 4,décembre,19
CAFÉ & THÉ,37,2024,Qtr 1,janvier,13
CAFÉ & THÉ,37,2024,Qtr 2,juin,7
CAFÉ & THÉ,37,2024,Qtr 4,décembre,9
EPICERIE,37,2024,Qtr 2,avril,18
EPICERIE,37,2024,Qtr 3,juillet,4
EPICERIE,37,2024,Qtr 4,décembre,7
EPICERIE,37,2024,Qtr 4,décembre,19
FRAIS,37,2024,Qtr 1,janvier,10
FRAIS,37,2024,Qtr 1,janvier,26
FRAIS,37,2024,Qtr 3,septembre,1
FRAIS,37,2024,Qtr 4,novembre,13
FRAIS,37,2024,Qtr 4,décembre,18
HYGIENE,37,2024,Qtr 2,mai,22
BOISSONS,36,2024,Qtr 4,octobre,31
CAFÉ & THÉ,36,2024,Qtr 1,mars,1
CAFÉ & THÉ,36,2024,Qtr 1,mars,16
CAFÉ & THÉ,36,2024,Qtr 1,mars,21
CAFÉ & THÉ,36,2024,Qtr 2,mai,17
EPICERIE,36,2024,Qtr 4,décembre,20
FRAIS,36,2024,Qtr 1,janvier,2
FRAIS,36,2024,Qtr 3,septembre,16
FRAIS,36,2024,Qtr 4,novembre,20
HYGIENE,36,2024,Qtr 1,janvier,23
HYGIENE,36,2024,Qtr 1,mars,23
HYGIENE,36,2024,Qtr 4,octobre,3
AUTRES,35,2024,Qtr 2,mai,19
BOISSONS,35,2024,Qtr 1,janvier,5
BOISSONS,35,2024,Qtr 2,avril,29
BOISSONS,35,2024,Qtr 3,septembre,1
BOISSONS,35,2024,Qtr 3,septembre,3
BOISSONS,35,2024,Qtr 4,décembre,15
CAFÉ & THÉ,35,2024,Qtr 1,janvier,16
CAFÉ & THÉ,35,2024,Qtr 1,mars,8
CAFÉ & THÉ,35,2024,Qtr 2,avril,14
CAFÉ & THÉ,35,2024,Qtr 2,juin,3
CAFÉ & THÉ,35,2024,Qtr 2,juin,24
EPICERIE,35,2024,Qtr 1,janvier,9
EPICERIE,35,2024,Qtr 2,juin,11
EPICERIE,35,2024,Qtr 3,juillet,13
FRAIS,35,2024,Qtr 2,mai,18
FRAIS,35,2024,Qtr 2,juin,27
FRAIS,35,2024,Qtr 3,septembre,30
FRAIS,35,2024,Qtr 4,octobre,26
FRAIS,35,2024,Qtr 4,décembre,16
FRAIS,35,2024,Qtr 4,décembre,17
HYGIENE,35,2024,Qtr 3,juillet,31
AUTRES,34,2024,Qtr 1,mars,5
AUTRES,34,2024,Qtr 1,mars,10
AUTRES,34,2024,Qtr 2,avril,28
AUTRES,34,2024,Qtr 3,juillet,25
AUTRES,34,2024,Qtr 4,décembre,8
BOISSONS,34,2024,Qtr 3,juillet,14
BOISSONS,34,2024,Qtr 3,juillet,24
BOISSONS,34,2024,Qtr 3,août,1
BOISSONS,34,2024,Qtr 3,août,19
BOISSONS,34,2024,Qtr 3,septembre,18
BOISSONS,34,2024,Qtr 4,novembre,21
CAFÉ & THÉ,34,2024,Qtr 1,mars,2
EPICERIE,34,2024,Qtr 1,janvier,20
EPICERIE,34,2024,Qtr 1,février,5
EPICERIE,34,2024,Qtr 3,août,19
EPICERIE,34,2024,Qtr 4,octobre,25
EPICERIE,34,2024,Qtr 4,novembre,14
EPICERIE,34,2024,Qtr 4,décembre,29
FRAIS,34,2024,Qtr 1,février,7
FRAIS,34,2024,Qtr 2,mai,8
FRAIS,34,2024,Qtr 4,novembre,29
HYGIENE,34,2024,Qtr 1,janvier,8
AUTRES,33,2024,Qtr 1,janvier,17
AUTRES,33,2024,Qtr 2,mai,29
AUTRES,33,2024,Qtr 3,août,1
AUTRES,33,2024,Qtr 4,octobre,10
BOISSONS,33,2024,Qtr 3,août,17
BOISSONS,33,2024,Qtr 4,décembre,5
CAFÉ & THÉ,33,2024,Qtr 1,mars,15
CAFÉ & THÉ,33,2024,Qtr 2,juin,4
CAFÉ & THÉ,33,2024,Qtr 3,septembre,1
CAFÉ & THÉ,33,2024,Qtr 3,septembre,8
CAFÉ & THÉ,33,2024,Qtr 3,septembre,19
EPICERIE,33,2024,Qtr 2,avril,15
EPICERIE,33,2024,Qtr 3,septembre,11
FRAIS,33,2024,Qtr 1,janvier,4
FRAIS,33,2024,Qtr 2,mai,9
FRAIS,33,2024,Qtr 2,mai,27
FRAIS,33,2024,Qtr 3,juillet,1
HYGIENE,33,2024,Qtr 1,mars,19
HYGIENE,33,2024,Qtr 2,avril,23
HYGIENE,33,2024,Qtr 2,mai,2
HYGIENE,33,2024,Qtr 3,juillet,20
HYGIENE,33,2024,Qtr 3,septembre,10
HYGIENE,33,2024,Qtr 3,septembre,26
HYGIENE,33,2024,Qtr 3,septembre,29
HYGIENE,33,2024,Qtr 4,octobre,7
HYGIENE,33,2024,Qtr 4,octobre,24
AUTRES,32,2024,Qtr 1,février,9
AUTRES,32,2024,Qtr 3,juillet,20
AUTRES,32,2024,Qtr 4,décembre,30
BOISSONS,32,2024,Qtr 1,février,14
BOISSONS,32,2024,Qtr 1,février,15
BOISSONS,32,2024,Qtr 1,mars,28
BOISSONS,32,2024,Qtr 2,juin,14
CAFÉ & THÉ,32,2024,Qtr 2,avril,27
CAFÉ & THÉ,32,2024,Qtr 2,mai,27
CAFÉ & THÉ,32,2024,Qtr 2,juin,10
CAFÉ & THÉ,32,2024,Qtr 2,juin,29
CAFÉ & THÉ,32,2024,Qtr 3,juillet,11
CAFÉ & THÉ,32,2024,Qtr 3,juillet,18
CAFÉ & THÉ,32,2024,Qtr 3,août,15
CAFÉ & THÉ,32,2024,Qtr 4,octobre,3
CAFÉ & THÉ,32,2024,Qtr 4,décembre,21
EPICERIE,32,2024,Qtr 1,janvier,28
EPICERIE,32,2024,Qtr 2,avril,9
FRAIS,32,2024,Qtr 3,août,24
FRAIS,32,2024,Qtr 3,août,31
HYGIENE,32,2024,Qtr 2,avril,8
HYGIENE,32,2024,Qtr 3,août,24
HYGIENE,32,2024,Qtr 3,septembre,22
HYGIENE,32,2024,Qtr 4,octobre,9
AUTRES,31,2024,Qtr 3,juillet,26
AUTRES,31,2024,Qtr 4,décembre,12
BOISSONS,31,2024,Qtr 2,avril,18
BOISSONS,31,2024,Qtr 2,avril,21
BOISSONS,31,2024,Qtr 2,mai,29
BOISSONS,31,2024,Qtr 2,mai,30
BOISSONS,31,2024,Qtr 3,juillet,10
BOISSONS,31,2024,Qtr 3,juillet,27
BOISSONS,31,2024,Qtr 3,septembre,21
BOISSONS,31,2024,Qtr 4,octobre,2
CAFÉ & THÉ,31,2024,Qtr 1,janvier,18
CAFÉ & THÉ,31,2024,Qtr 1,mars,27
CAFÉ & THÉ,31,2024,Qtr 2,juin,26
CAFÉ & THÉ,31,2024,Qtr 3,juillet,1
CAFÉ & THÉ,31,2024,Qtr 3,juillet,21
CAFÉ & THÉ,31,2024,Qtr 3,août,13
CAFÉ & THÉ,31,2024,Qtr 4,octobre,21
EPICERIE,31,2024,Qtr 2,mai,3
EPICERIE,31,2024,Qtr 4,octobre,12
FRAIS,31,2024,Qtr 1,janvier,23
FRAIS,31,2024,Qtr 1,mars,1
FRAIS,31,2024,Qtr 3,juillet,26
HYGIENE,31,2024,Qtr 2,mai,9
HYGIENE,31,2024,Qtr 2,mai,12
HYGIENE,31,2024,Qtr 2,juin,3
HYGIENE,31,2024,Qtr 2,juin,23
HYGIENE,31,2024,Qtr 3,juillet,15
HYGIENE,31,2024,Qtr 4,novembre,24
AUTRES,30,2024,Qtr 1,janvier,18
AUTRES,30,2024,Qtr 1,février,8
AUTRES,30,2024,Qtr 1,mars,29
AUTRES,30,2024,Qtr 2,avril,26
AUTRES,30,2024,Qtr 3,août,23
AUTRES,30,2024,Qtr 4,décembre,20
AUTRES,30,2024,Qtr 4,décembre,29
BOISSONS,30,2024,Qtr 1,février,28
BOISSONS,30,2024,Qtr 2,avril,25
BOISSONS,30,2024,Qtr 3,août,21
BOISSONS,30,2024,Qtr 3,septembre,9
CAFÉ & THÉ,30,2024,Qtr 3,juillet,29
CAFÉ & THÉ,30,2024,Qtr 3,septembre,25
CAFÉ & THÉ,30,2024,Qtr 4,octobre,29
EPICERIE,30,2024,Qtr 1,janvier,24
EPICERIE,30,2024,Qtr 2,mai,1
EPICERIE,30,2024,Qtr 3,juillet,3
FRAIS,30,2024,Qtr 1,mars,11
FRAIS,30,2024,Qtr 2,avril,7
FRAIS,30,2024,Qtr 2,juin,6
FRAIS,30,2024,Qtr 3,août,15
FRAIS,30,2024,Qtr 3,septembre,28
FRAIS,30,2024,Qtr 4,novembre,3
FRAIS,30,2024,Qtr 4,décembre,24
HYGIENE,30,2024,Qtr 1,janvier,25
HYGIENE,30,2024,Qtr 1,mars,1
HYGIENE,30,2024,Qtr 1,mars,4
HYGIENE,30,2024,Qtr 2,mai,26
HYGIENE,30,2024,Qtr 3,juillet,30
HYGIENE,30,2024,Qtr 3,août,21
HYGIENE,30,2024,Qtr 4,octobre,8
HYGIENE,30,2024,Qtr 4,décembre,28
AUTRES,29,2024,Qtr 1,janvier,11
AUTRES,29,2024,Qtr 1,février,17
AUTRES,29,2024,Qtr 2,avril,1
AUTRES,29,2024,Qtr 2,avril,22
AUTRES,29,2024,Qtr 2,avril,27
AUTRES,29,2024,Qtr 2,juin,5
AUTRES,29,2024,Qtr 3,juillet,28
AUTRES,29,2024,Qtr 4,octobre,20
AUTRES,29,2024,Qtr 4,octobre,21
AUTRES,29,2024,Qtr 4,novembre,19
BOISSONS,29,2024,Qtr 1,janvier,15
BOISSONS,29,2024,Qtr 2,avril,8
BOISSONS,29,2024,Qtr 2,avril,26
BOISSONS,29,2024,Qtr 2,mai,24
BOISSONS,29,2024,Qtr 3,juillet,16
BOISSONS,29,2024,Qtr 3,août,24
BOISSONS,29,2024,Qtr 4,octobre,10
BOISSONS,29,2024,Qtr 4,octobre,19
CAFÉ & THÉ,29,2024,Qtr 1,février,15
CAFÉ & THÉ,29,2024,Qtr 1,mars,17
CAFÉ & THÉ,29,2024,Qtr 2,mai,1
CAFÉ & THÉ,29,2024,Qtr 4,octobre,18
EPICERIE,29,2024,Qtr 1,février,13
EPICERIE,29,2024,Qtr 1,février,21
EPICERIE,29,2024,Qtr 1,février,22
EPICERIE,29,2024,Qtr 1,mars,12
EPICERIE,29,2024,Qtr 2,avril,16
EPICERIE,29,2024,Qtr 2,mai,4
EPICERIE,29,2024,Qtr 2,juin,24
EPICERIE,29,2024,Qtr 3,juillet,23
EPICERIE,29,2024,Qtr 4,décembre,5
EPICERIE,29,2024,Qtr 4,décembre,11
EPICERIE,29,2024,Qtr 4,décembre,14
EPICERIE,29,2024,Qtr 4,décembre,25
FRAIS,29,2024,Qtr 2,avril,1
FRAIS,29,2024,Qtr 2,avril,20
FRAIS,29,2024,Qtr 2,avril,21
FRAIS,29,2024,Qtr 2,mai,22
FRAIS,29,2024,Qtr 3,août,5
FRAIS,29,2024,Qtr 3,août,11
FRAIS,29,2024,Qtr 4,novembre,26
FRAIS,29,2024,Qtr 4,décembre,13
HYGIENE,29,2024,Qtr 1,janvier,3
HYGIENE,29,2024,Qtr 2,avril,9
HYGIENE,29,2024,Qtr 2,mai,8
HYGIENE,29,2024,Qtr 4,octobre,26
HYGIENE,29,2024,Qtr 4,octobre,31
HYGIENE,29,2024,Qtr 4,novembre,16
HYGIENE,29,2024,Qtr 4,novembre,22
HYGIENE,29,2024,Qtr 4,décembre,31
AUTRES,28,2024,Qtr 1,mars,22
AUTRES,28,2024,Qtr 2,avril,16
AUTRES,28,2024,Qtr 2,juin,6
AUTRES,28,2024,Qtr 4,octobre,8
BOISSONS,28,2024,Qtr 1,mars,13
BOISSONS,28,2024,Qtr 3,août,22
BOISSONS,28,2024,Qtr 3,septembre,24
CAFÉ & THÉ,28,2024,Qtr 1,janvier,8
CAFÉ & THÉ,28,2024,Qtr 2,avril,21
CAFÉ & THÉ,28,2024,Qtr 4,novembre,15
EPICERIE,28,2024,Qtr 1,février,1
EPICERIE,28,2024,Qtr 1,mars,15
EPICERIE,28,2024,Qtr 2,juin,15
EPICERIE,28,2024,Qtr 3,septembre,2
EPICERIE,28,2024,Qtr 3,septembre,20
EPICERIE,28,2024,Qtr 4,décembre,2
FRAIS,28,2024,Qtr 1,janvier,1
FRAIS,28,2024,Qtr 2,mai,23
FRAIS,28,2024,Qtr 3,juillet,13
FRAIS,28,2024,Qtr 3,septembre,14
FRAIS,28,2024,Qtr 4,octobre,27
FRAIS,28,2024,Qtr 4,novembre,17
HYGIENE,28,2024,Qtr 1,février,22
HYGIENE,28,2024,Qtr 1,mars,14
HYGIENE,28,2024,Qtr 4,octobre,23
HYGIENE,28,2024,Qtr 4,novembre,29
HYGIENE,28,2024,Qtr 4,décembre,18
AUTRES,27,2024,Qtr 2,avril,12
AUTRES,27,2024,Qtr 3,juillet,22
AUTRES,27,2024,Qtr 3,août,4
AUTRES,27,2024,Qtr 3,août,22
AUTRES,27,2024,Qtr 4,novembre,26
BOISSONS,27,2024,Qtr 1,mars,15
BOISSONS,27,2024,Qtr 1,mars,27
BOISSONS,27,2024,Qtr 2,avril,20
BOISSONS,27,2024,Qtr 2,mai,7
BOISSONS,27,2024,Qtr 2,juin,27
BOISSONS,27,2024,Qtr 3,juillet,22
BOISSONS,27,2024,Qtr 3,septembre,8
BOISSONS,27,2024,Qtr 4,octobre,11
BOISSONS,27,2024,Qtr 4,décembre,23
CAFÉ & THÉ,27,2024,Qtr 2,avril,23
CAFÉ & THÉ,27,2024,Qtr 2,juin,20
CAFÉ & THÉ,27,2024,Qtr 3,septembre,28
CAFÉ & THÉ,27,2024,Qtr 4,novembre,19
EPICERIE,27,2024,Qtr 1,janvier,16
EPICERIE,27,2024,Qtr 2,avril,1
EPICERIE,27,2024,Qtr 2,avril,3
EPICERIE,27,2024,Qtr 2,avril,27
EPICERIE,27,2024,Qtr 2,mai,9
EPICERIE,27,2024,Qtr 2,mai,11
EPICERIE,27,2024,Qtr 2,juin,25
EPICERIE,27,2024,Qtr 2,juin,27
EPICERIE,27,2024,Qtr 3,août,9
EPICERIE,27,2024,Qtr 4,octobre,31
EPICERIE,27,2024,Qtr 4,novembre,24
EPICERIE,27,2024,Qtr 4,décembre,18
FRAIS,27,2024,Qtr 1,mars,14
FRAIS,27,2024,Qtr 2,mai,11
FRAIS,27,2024,Qtr 4,novembre,5
FRAIS,27,2024,Qtr 4,décembre,30
HYGIENE,27,2024,Qtr 1,février,19
HYGIENE,27,2024,Qtr 2,mai,28
HYGIENE,27,2024,Qtr 2,juin,27
HYGIENE,27,2024,Qtr 3,juillet,11
HYGIENE,27,2024,Qtr 4,octobre,19
HYGIENE,27,2024,Qtr 4,novembre,6
HYGIENE,27,2024,Qtr 4,décembre,4
AUTRES,26,2024,Qtr 1,mars,3
AUTRES,26,2024,Qtr 1,mars,17
AUTRES,26,2024,Qtr 3,juillet,17
AUTRES,26,2024,Qtr 3,août,13
AUTRES,26,2024,Qtr 3,août,24
AUTRES,26,2024,Qtr 4,octobre,26
AUTRES,26,2024,Qtr 4,novembre,2
AUTRES,26,2024,Qtr 4,novembre,23
AUTRES,26,2024,Qtr 4,décembre,21
BOISSONS,26,2024,Qtr 2,juin,24
BOISSONS,26,2024,Qtr 3,septembre,26
BOISSONS,26,2024,Qtr 4,novembre,18
CAFÉ & THÉ,26,2024,Qtr 1,février,20
CAFÉ & THÉ,26,2024,Qtr 2,avril,13
CAFÉ & THÉ,26,2024,Qtr 2,avril,20
CAFÉ & THÉ,26,2024,Qtr 3,août,5
CAFÉ & THÉ,26,2024,Qtr 3,août,22
CAFÉ & THÉ,26,2024,Qtr 3,septembre,9
CAFÉ & THÉ,26,2024,Qtr 4,octobre,20
CAFÉ & THÉ,26,2024,Qtr 4,novembre,28
CAFÉ & THÉ,26,2024,Qtr 4,décembre,6
EPICERIE,26,2024,Qtr 1,janvier,1
EPICERIE,26,2024,Qtr 1,février,7
EPICERIE,26,2024,Qtr 1,février,17
EPICERIE,26,2024,Qtr 1,mars,24
EPICERIE,26,2024,Qtr 2,juin,7
EPICERIE,26,2024,Qtr 3,septembre,8
FRAIS,26,2024,Qtr 1,janvier,13
FRAIS,26,2024,Qtr 2,avril,4
FRAIS,26,2024,Qtr 2,avril,29
FRAIS,26,2024,Qtr 2,juin,25
FRAIS,26,2024,Qtr 3,juillet,25
FRAIS,26,2024,Qtr 4,novembre,16
HYGIENE,26,2024,Qtr 1,février,12
HYGIENE,26,2024,Qtr 2,mai,27
AUTRES,25,2024,Qtr 1,janvier,24
AUTRES,25,2024,Qtr 1,mars,25
AUTRES,25,2024,Qtr 2,avril,23
AUTRES,25,2024,Qtr 2,juin,19
AUTRES,25,2024,Qtr 3,août,21
AUTRES,25,2024,Qtr 4,octobre,3
BOISSONS,25,2024,Qtr 1,janvier,8
BOISSONS,25,2024,Qtr 1,janvier,18
BOISSONS,25,2024,Qtr 1,janvier,21
BOISSONS,25,2024,Qtr 1,mars,1
BOISSONS,25,2024,Qtr 1,mars,9
BOISSONS,25,2024,Qtr 2,mai,26
BOISSONS,25,2024,Qtr 3,juillet,4
BOISSONS,25,2024,Qtr 3,juillet,15
BOISSONS,25,2024,Qtr 3,juillet,25
BOISSONS,25,2024,Qtr 3,août,2
BOISSONS,25,2024,Qtr 3,août,23
BOISSONS,25,2024,Qtr 3,août,25
BOISSONS,25,2024,Qtr 4,novembre,8
CAFÉ & THÉ,25,2024,Qtr 1,mars,31
CAFÉ & THÉ,25,2024,Qtr 3,août,1
CAFÉ & THÉ,25,2024,Qtr 4,octobre,1
CAFÉ & THÉ,25,2024,Qtr 4,octobre,14
EPICERIE,25,2024,Qtr 1,mars,2
EPICERIE,25,2024,Qtr 3,juillet,1
EPICERIE,25,2024,Qtr 3,août,8
EPICERIE,25,2024,Qtr 4,novembre,2
EPICERIE,25,2024,Qtr 4,novembre,26
FRAIS,25,2024,Qtr 1,février,2
FRAIS,25,2024,Qtr 1,mars,22
FRAIS,25,2024,Qtr 2,mai,1
FRAIS,25,2024,Qtr 2,mai,28
FRAIS,25,2024,Qtr 3,août,10
FRAIS,25,2024,Qtr 3,septembre,24
FRAIS,25,2024,Qtr 4,octobre,2
FRAIS,25,2024,Qtr 4,novembre,27
HYGIENE,25,2024,Qtr 1,février,1
HYGIENE,25,2024,Qtr 1,février,24
HYGIENE,25,2024,Qtr 3,septembre,16
HYGIENE,25,2024,Qtr 4,octobre,1
HYGIENE,25,2024,Qtr 4,octobre,14
HYGIENE,25,2024,Qtr 4,novembre,14
AUTRES,24,2024,Qtr 1,février,4
AUTRES,24,2024,Qtr 2,avril,20
AUTRES,24,2024,Qtr 2,juin,10
AUTRES,24,2024,Qtr 2,juin,29
AUTRES,24,2024,Qtr 3,août,20
AUTRES,24,2024,Qtr 4,octobre,18
AUTRES,24,2024,Qtr 4,novembre,8
AUTRES,24,2024,Qtr 4,novembre,16
AUTRES,24,2024,Qtr 4,décembre,9
BOISSONS,24,2024,Qtr 1,février,2
BOISSONS,24,2024,Qtr 2,avril,22
BOISSONS,24,2024,Qtr 2,juin,15
BOISSONS,24,2024,Qtr 4,novembre,19
BOISSONS,24,2024,Qtr 4,décembre,11
BOISSONS,24,2024,Qtr 4,décembre,17
CAFÉ & THÉ,24,2024,Qtr 1,février,6
CAFÉ & THÉ,24,2024,Qtr 1,février,8
CAFÉ & THÉ,24,2024,Qtr 1,février,10
CAFÉ & THÉ,24,2024,Qtr 1,mars,14
CAFÉ & THÉ,24,2024,Qtr 1,mars,20
CAFÉ & THÉ,24,2024,Qtr 3,juillet,9
CAFÉ & THÉ,24,2024,Qtr 3,septembre,13
CAFÉ & THÉ,24,2024,Qtr 3,septembre,27
CAFÉ & THÉ,24,2024,Qtr 4,décembre,14
EPICERIE,24,2024,Qtr 1,février,8
EPICERIE,24,2024,Qtr 1,mars,13
EPICERIE,24,2024,Qtr 1,mars,17
EPICERIE,24,2024,Qtr 1,mars,23
EPICERIE,24,2024,Qtr 2,mai,20
EPICERIE,24,2024,Qtr 3,septembre,22
EPICERIE,24,2024,Qtr 4,novembre,3
EPICERIE,24,2024,Qtr 4,novembre,19
FRAIS,24,2024,Qtr 2,mai,2
FRAIS,24,2024,Qtr 3,septembre,4
FRAIS,24,2024,Qtr 3,septembre,27
HYGIENE,24,2024,Qtr 1,février,20
HYGIENE,24,2024,Qtr 1,mars,8
HYGIENE,24,2024,Qtr 1,mars,26
HYGIENE,24,2024,Qtr 1,mars,27
HYGIENE,24,2024,Qtr 2,avril,5
HYGIENE,24,2024,Qtr 2,mai,5
HYGIENE,24,2024,Qtr 2,mai,15
HYGIENE,24,2024,Qtr 3,août,8
HYGIENE,24,2024,Qtr 4,décembre,22
AUTRES,23,2024,Qtr 1,mars,7
AUTRES,23,2024,Qtr 2,mai,14
AUTRES,23,2024,Qtr 3,juillet,11
AUTRES,23,2024,Qtr 3,juillet,13
AUTRES,23,2024,Qtr 3,août,8
AUTRES,23,2024,Qtr 3,août,27
AUTRES,23,2024,Qtr 3,septembre,25
AUTRES,23,2024,Qtr 4,octobre,6
BOISSONS,23,2024,Qtr 1,janvier,17
BOISSONS,23,2024,Qtr 2,mai,15
BOISSONS,23,2024,Qtr 2,juin,6
BOISSONS,23,2024,Qtr 2,juin,19
BOISSONS,23,2024,Qtr 3,août,15
BOISSONS,23,2024,Qtr 3,août,30
BOISSONS,23,2024,Qtr 3,septembre,11
BOISSONS,23,2024,Qtr 3,septembre,22
BOISSONS,23,2024,Qtr 3,septembre,28
CAFÉ & THÉ,23,2024,Qtr 1,janvier,31
CAFÉ & THÉ,23,2024,Qtr 1,février,2
CAFÉ & THÉ,23,2024,Qtr 1,mars,7
CAFÉ & THÉ,23,2024,Qtr 3,août,29
CAFÉ & THÉ,23,2024,Qtr 4,octobre,26
EPICERIE,23,2024,Qtr 2,avril,21
EPICERIE,23,2024,Qtr 2,juin,17
EPICERIE,23,2024,Qtr 2,juin,30
EPICERIE,23,2024,Qtr 3,juillet,7
EPICERIE,23,2024,Qtr 3,septembre,3
EPICERIE,23,2024,Qtr 4,novembre,29
EPICERIE,23,2024,Qtr 4,novembre,30
FRAIS,23,2024,Qtr 1,janvier,30
FRAIS,23,2024,Qtr 2,avril,16
FRAIS,23,2024,Qtr 2,mai,7
FRAIS,23,2024,Qtr 2,juin,1
FRAIS,23,2024,Qtr 3,septembre,9
HYGIENE,23,2024,Qtr 1,février,21
HYGIENE,23,2024,Qtr 1,mars,9
HYGIENE,23,2024,Qtr 2,avril,14
HYGIENE,23,2024,Qtr 2,avril,20
HYGIENE,23,2024,Qtr 3,août,19
HYGIENE,23,2024,Qtr 4,décembre,6
HYGIENE,23,2024,Qtr 4,décembre,30
AUTRES,22,2024,Qtr 1,février,1
AUTRES,22,2024,Qtr 1,février,22
AUTRES,22,2024,Qtr 1,mars,18
AUTRES,22,2024,Qtr 2,mai,5
AUTRES,22,2024,Qtr 2,mai,15
AUTRES,22,2024,Qtr 2,juin,14
AUTRES,22,2024,Qtr 2,juin,16
AUTRES,22,2024,Qtr 2,juin,30
AUTRES,22,2024,Qtr 3,juillet,16
AUTRES,22,2024,Qtr 3,septembre,23
AUTRES,22,2024,Qtr 4,octobre,23
AUTRES,22,2024,Qtr 4,octobre,29
AUTRES,22,2024,Qtr 4,novembre,5
BOISSONS,22,2024,Qtr 1,janvier,3
BOISSONS,22,2024,Qtr 1,janvier,10
BOISSONS,22,2024,Qtr 1,janvier,29
BOISSONS,22,2024,Qtr 1,mars,12
BOISSONS,22,2024,Qtr 2,avril,19
BOISSONS,22,2024,Qtr 2,mai,1
BOISSONS,22,2024,Qtr 2,mai,6
BOISSONS,22,2024,Qtr 2,juin,3
BOISSONS,22,2024,Qtr 2,juin,18
BOISSONS,22,2024,Qtr 2,juin,20
BOISSONS,22,2024,Qtr 3,septembre,4
BOISSONS,22,2024,Qtr 3,septembre,27
BOISSONS,22,2024,Qtr 4,octobre,1
BOISSONS,22,2024,Qtr 4,octobre,7
BOISSONS,22,2024,Qtr 4,octobre,28
BOISSONS,22,2024,Qtr 4,novembre,25
BOISSONS,22,2024,Qtr 4,décembre,25
BOISSONS,22,2024,Qtr 4,décembre,28
CAFÉ & THÉ,22,2024,Qtr 1,mars,29
CAFÉ & THÉ,22,2024,Qtr 2,avril,10
CAFÉ & THÉ,22,2024,Qtr 2,juin,23
CAFÉ & THÉ,22,2024,Qtr 3,juillet,26
CAFÉ & THÉ,22,2024,Qtr 3,août,14
CAFÉ & THÉ,22,2024,Qtr 3,septembre,6
CAFÉ & THÉ,22,2024,Qtr 4,octobre,19
EPICERIE,22,2024,Qtr 1,février,6
EPICERIE,22,2024,Qtr 1,mars,25
EPICERIE,22,2024,Qtr 1,mars,29
EPICERIE,22,2024,Qtr 2,avril,7
EPICERIE,22,2024,Qtr 2,avril,24
EPICERIE,22,2024,Qtr 2,mai,13
EPICERIE,22,2024,Qtr 2,juin,26
EPICERIE,22,2024,Qtr 3,juillet,29
EPICERIE,22,2024,Qtr 3,juillet,30
EPICERIE,22,2024,Qtr 3,septembre,9
EPICERIE,22,2024,Qtr 3,septembre,16
EPICERIE,22,2024,Qtr 4,octobre,8
EPICERIE,22,2024,Qtr 4,octobre,26
EPICERIE,22,2024,Qtr 4,octobre,28
FRAIS,22,2024,Qtr 1,mars,21
FRAIS,22,2024,Qtr 2,avril,24
FRAIS,22,2024,Qtr 2,juin,7
FRAIS,22,2024,Qtr 2,juin,24
FRAIS,22,2024,Qtr 3,juillet,30
FRAIS,22,2024,Qtr 3,août,4
FRAIS,22,2024,Qtr 3,août,19
FRAIS,22,2024,Qtr 4,octobre,22
FRAIS,22,2024,Qtr 4,novembre,25
HYGIENE,22,2024,Qtr 1,février,29
HYGIENE,22,2024,Qtr 2,avril,12
HYGIENE,22,2024,Qtr 2,mai,19
HYGIENE,22,2024,Qtr 2,mai,24
HYGIENE,22,2024,Qtr 2,juin,25
HYGIENE,22,2024,Qtr 3,juillet,3
HYGIENE,22,2024,Qtr 3,juillet,5
HYGIENE,22,2024,Qtr 3,juillet,18
HYGIENE,22,2024,Qtr 3,août,9
HYGIENE,22,2024,Qtr 3,août,16
HYGIENE,22,2024,Qtr 3,août,18
HYGIENE,22,2024,Qtr 3,septembre,8
HYGIENE,22,2024,Qtr 4,octobre,16
HYGIENE,22,2024,Qtr 4,novembre,9
HYGIENE,22,2024,Qtr 4,décembre,21
AUTRES,21,2024,Qtr 1,mars,15
AUTRES,21,2024,Qtr 2,avril,29
AUTRES,21,2024,Qtr 2,juin,18
AUTRES,21,2024,Qtr 4,novembre,27
AUTRES,21,2024,Qtr 4,décembre,24
BOISSONS,21,2024,Qtr 1,février,18
BOISSONS,21,2024,Qtr 1,mars,26
BOISSONS,21,2024,Qtr 2,mai,13
BOISSONS,21,2024,Qtr 2,juin,1
BOISSONS,21,2024,Qtr 3,juillet,6
BOISSONS,21,2024,Qtr 3,septembre,19
CAFÉ & THÉ,21,2024,Qtr 1,janvier,4
CAFÉ & THÉ,21,2024,Qtr 1,janvier,12
CAFÉ & THÉ,21,2024,Qtr 2,mai,13
CAFÉ & THÉ,21,2024,Qtr 2,juin,2
CAFÉ & THÉ,21,2024,Qtr 2,juin,17
CAFÉ & THÉ,21,2024,Qtr 3,juillet,13
CAFÉ & THÉ,21,2024,Qtr 3,juillet,27
CAFÉ & THÉ,21,2024,Qtr 4,novembre,6
CAFÉ & THÉ,21,2024,Qtr 4,décembre,20
EPICERIE,21,2024,Qtr 1,janvier,31
EPICERIE,21,2024,Qtr 2,avril,2
EPICERIE,21,2024,Qtr 2,avril,13
EPICERIE,21,2024,Qtr 2,avril,20
EPICERIE,21,2024,Qtr 2,mai,16
EPICERIE,21,2024,Qtr 2,juin,1
EPICERIE,21,2024,Qtr 3,août,1
EPICERIE,21,2024,Qtr 3,août,7
EPICERIE,21,2024,Qtr 3,août,30
EPICERIE,21,2024,Qtr 4,novembre,15
EPICERIE,21,2024,Qtr 4,décembre,12
EPICERIE,21,2024,Qtr 4,décembre,26
FRAIS,21,2024,Qtr 1,mars,5
FRAIS,21,2024,Qtr 2,juin,20
FRAIS,21,2024,Qtr 3,juillet,10
FRAIS,21,2024,Qtr 3,août,25
FRAIS,21,2024,Qtr 3,septembre,7
FRAIS,21,2024,Qtr 4,novembre,8
FRAIS,21,2024,Qtr 4,décembre,4
FRAIS,21,2024,Qtr 4,décembre,15
FRAIS,21,2024,Qtr 4,décembre,22
HYGIENE,21,2024,Qtr 2,avril,29
HYGIENE,21,2024,Qtr 3,juillet,8
HYGIENE,21,2024,Qtr 3,août,12
HYGIENE,21,2024,Qtr 3,septembre,27
HYGIENE,21,2024,Qtr 4,novembre,17
HYGIENE,21,2024,Qtr 4,novembre,23
HYGIENE,21,2024,Qtr 4,décembre,16
AUTRES,20,2024,Qtr 1,janvier,4
AUTRES,20,2024,Qtr 2,mai,1
AUTRES,20,2024,Qtr 3,août,7
AUTRES,20,2024,Qtr 3,août,19
AUTRES,20,2024,Qtr 3,septembre,30
AUTRES,20,2024,Qtr 4,octobre,5
AUTRES,20,2024,Qtr 4,octobre,22
BOISSONS,20,2024,Qtr 1,février,24
BOISSONS,20,2024,Qtr 2,avril,1
BOISSONS,20,2024,Qtr 2,avril,3
BOISSONS,20,2024,Qtr 2,mai,28
BOISSONS,20,2024,Qtr 2,mai,31
BOISSONS,20,2024,Qtr 3,août,7
BOISSONS,20,2024,Qtr 3,août,29
BOISSONS,20,2024,Qtr 3,septembre,10
BOISSONS,20,2024,Qtr 4,octobre,3
BOISSONS,20,2024,Qtr 4,décembre,10
BOISSONS,20,2024,Qtr 4,décembre,16
BOISSONS,20,2024,Qtr 4,décembre,24
BOISSONS,20,2024,Qtr 4,décembre,30
CAFÉ & THÉ,20,2024,Qtr 1,janvier,3
CAFÉ & THÉ,20,2024,Qtr 1,janvier,17
CAFÉ & THÉ,20,2024,Qtr 1,février,4
CAFÉ & THÉ,20,2024,Qtr 1,mars,30
CAFÉ & THÉ,20,2024,Qtr 2,juin,11
CAFÉ & THÉ,20,2024,Qtr 3,juillet,6
CAFÉ & THÉ,20,2024,Qtr 4,novembre,9
CAFÉ & THÉ,20,2024,Qtr 4,décembre,31
EPICERIE,20,2024,Qtr 1,janvier,4
EPICERIE,20,2024,Qtr 1,janvier,15
EPICERIE,20,2024,Qtr 1,février,28
EPICERIE,20,2024,Qtr 1,mars,22
EPICERIE,20,2024,Qtr 2,avril,14
EPICERIE,20,2024,Qtr 2,mai,26
EPICERIE,20,2024,Qtr 2,juin,19
EPICERIE,20,2024,Qtr 3,août,31
EPICERIE,20,2024,Qtr 3,septembre,10
EPICERIE,20,2024,Qtr 4,octobre,13
EPICERIE,20,2024,Qtr 4,novembre,12
EPICERIE,20,2024,Qtr 4,décembre,21
FRAIS,20,2024,Qtr 1,mars,19
FRAIS,20,2024,Qtr 2,avril,11
FRAIS,20,2024,Qtr 2,mai,13
FRAIS,20,2024,Qtr 2,juin,2
FRAIS,20,2024,Qtr 3,août,2
FRAIS,20,2024,Qtr 3,août,12
FRAIS,20,2024,Qtr 4,octobre,18
HYGIENE,20,2024,Qtr 1,janvier,1
HYGIENE,20,2024,Qtr 1,janvier,9
HYGIENE,20,2024,Qtr 1,février,2
HYGIENE,20,2024,Qtr 1,février,18
HYGIENE,20,2024,Qtr 2,mai,6
HYGIENE,20,2024,Qtr 2,juin,7
HYGIENE,20,2024,Qtr 2,juin,11
HYGIENE,20,2024,Qtr 2,juin,30
HYGIENE,20,2024,Qtr 3,juillet,16
HYGIENE,20,2024,Qtr 3,juillet,21
HYGIENE,20,2024,Qtr 3,septembre,13
HYGIENE,20,2024,Qtr 3,septembre,15
HYGIENE,20,2024,Qtr 3,septembre,19
HYGIENE,20,2024,Qtr 4,novembre,25
AUTRES,19,2024,Qtr 1,janvier,1
AUTRES,19,2024,Qtr 1,janvier,6
AUTRES,19,2024,Qtr 1,février,10
AUTRES,19,2024,Qtr 1,février,11
AUTRES,19,2024,Qtr 2,avril,3
AUTRES,19,2024,Qtr 2,avril,18
AUTRES,19,2024,Qtr 2,avril,25
AUTRES,19,2024,Qtr 2,mai,6
AUTRES,19,2024,Qtr 2,juin,8
AUTRES,19,2024,Qtr 2,juin,23
AUTRES,19,2024,Qtr 2,juin,25
AUTRES,19,2024,Qtr 3,septembre,9
BOISSONS,19,2024,Qtr 1,janvier,14
BOISSONS,19,2024,Qtr 1,janvier,19
BOISSONS,19,2024,Qtr 1,février,25
BOISSONS,19,2024,Qtr 2,mai,25
BOISSONS,19,2024,Qtr 3,septembre,30
BOISSONS,19,2024,Qtr 4,novembre,14
BOISSONS,19,2024,Qtr 4,décembre,20
CAFÉ & THÉ,19,2024,Qtr 2,avril,11
CAFÉ & THÉ,19,2024,Qtr 2,mai,24
CAFÉ & THÉ,19,2024,Qtr 2,mai,26
CAFÉ & THÉ,19,2024,Qtr 2,juin,6
CAFÉ & THÉ,19,2024,Qtr 4,novembre,5
CAFÉ & THÉ,19,2024,Qtr 4,décembre,8
EPICERIE,19,2024,Qtr 1,février,24
EPICERIE,19,2024,Qtr 1,mars,11
EPICERIE,19,2024,Qtr 2,avril,28
EPICERIE,19,2024,Qtr 3,juillet,5
EPICERIE,19,2024,Qtr 3,juillet,26
EPICERIE,19,2024,Qtr 3,juillet,27
EPICERIE,19,2024,Qtr 3,août,10
EPICERIE,19,2024,Qtr 3,août,15
EPICERIE,19,2024,Qtr 4,octobre,4
EPICERIE,19,2024,Qtr 4,octobre,16
EPICERIE,19,2024,Qtr 4,octobre,21
EPICERIE,19,2024,Qtr 4,décembre,1
EPICERIE,19,2024,Qtr 4,décembre,16
FRAIS,19,2024,Qtr 2,mai,6
FRAIS,19,2024,Qtr 2,juin,3
FRAIS,19,2024,Qtr 2,juin,5
FRAIS,19,2024,Qtr 3,août,7
FRAIS,19,2024,Qtr 4,octobre,10
FRAIS,19,2024,Qtr 4,décembre,3
FRAIS,19,2024,Qtr 4,décembre,8
FRAIS,19,2024,Qtr 4,décembre,23
HYGIENE,19,2024,Qtr 1,février,8
HYGIENE,19,2024,Qtr 1,février,26
HYGIENE,19,2024,Qtr 1,mars,29
HYGIENE,19,2024,Qtr 2,avril,22
HYGIENE,19,2024,Qtr 2,avril,27
HYGIENE,19,2024,Qtr 2,mai,1
HYGIENE,19,2024,Qtr 2,mai,17
HYGIENE,19,2024,Qtr 3,juillet,19
HYGIENE,19,2024,Qtr 3,août,1
HYGIENE,19,2024,Qtr 3,août,2
HYGIENE,19,2024,Qtr 3,septembre,20
HYGIENE,19,2024,Qtr 4,octobre,25
AUTRES,18,2024,Qtr 1,mars,12
AUTRES,18,2024,Qtr 1,mars,19
AUTRES,18,2024,Qtr 1,mars,24
AUTRES,18,2024,Qtr 2,mai,24
AUTRES,18,2024,Qtr 2,juin,7
AUTRES,18,2024,Qtr 2,juin,17
AUTRES,18,2024,Qtr 2,juin,20
AUTRES,18,2024,Qtr 2,juin,27
AUTRES,18,2024,Qtr 3,septembre,8
AUTRES,18,2024,Qtr 4,octobre,15
AUTRES,18,2024,Qtr 4,décembre,23
BOISSONS,18,2024,Qtr 1,janvier,28
BOISSONS,18,2024,Qtr 1,février,3
BOISSONS,18,2024,Qtr 1,mars,7
BOISSONS,18,2024,Qtr 1,mars,16
BOISSONS,18,2024,Qtr 3,juillet,29
BOISSONS,18,2024,Qtr 3,août,8
BOISSONS,18,2024,Qtr 3,août,18
BOISSONS,18,2024,Qtr 3,août,27
BOISSONS,18,2024,Qtr 4,octobre,29
BOISSONS,18,2024,Qtr 4,décembre,9
BOISSONS,18,2024,Qtr 4,décembre,22
CAFÉ & THÉ,18,2024,Qtr 1,janvier,2
CAFÉ & THÉ,18,2024,Qtr 1,janvier,22
CAFÉ & THÉ,18,2024,Qtr 1,février,14
CAFÉ & THÉ,18,2024,Qtr 1,mars,19
CAFÉ & THÉ,18,2024,Qtr 1,mars,22
CAFÉ & THÉ,18,2024,Qtr 2,avril,3
CAFÉ & THÉ,18,2024,Qtr 2,avril,9
CAFÉ & THÉ,18,2024,Qtr 2,avril,18
CAFÉ & THÉ,18,2024,Qtr 2,juin,13
CAFÉ & THÉ,18,2024,Qtr 2,juin,16
CAFÉ & THÉ,18,2024,Qtr 3,juillet,15
CAFÉ & THÉ,18,2024,Qtr 3,juillet,30
CAFÉ & THÉ,18,2024,Qtr 3,septembre,12
CAFÉ & THÉ,18,2024,Qtr 3,septembre,21
CAFÉ & THÉ,18,2024,Qtr 3,septembre,23
CAFÉ & THÉ,18,2024,Qtr 3,septembre,29
CAFÉ & THÉ,18,2024,Qtr 4,novembre,16
CAFÉ & THÉ,18,2024,Qtr 4,novembre,29
CAFÉ & THÉ,18,2024,Qtr 4,décembre,3
EPICERIE,18,2024,Qtr 1,janvier,5
EPICERIE,18,2024,Qtr 1,février,12
EPICERIE,18,2024,Qtr 1,février,18
EPICERIE,18,2024,Qtr 2,avril,5
EPICERIE,18,2024,Qtr 2,juin,14
EPICERIE,18,2024,Qtr 3,juillet,12
EPICERIE,18,2024,Qtr 3,août,22
EPICERIE,18,2024,Qtr 3,septembre,13
EPICERIE,18,2024,Qtr 3,septembre,23
EPICERIE,18,2024,Qtr 4,octobre,23
EPICERIE,18,2024,Qtr 4,novembre,18
EPICERIE,18,2024,Qtr 4,décembre,17
FRAIS,18,2024,Qtr 1,janvier,22
FRAIS,18,2024,Qtr 1,janvier,25
FRAIS,18,2024,Qtr 1,janvier,27
FRAIS,18,2024,Qtr 1,février,12
FRAIS,18,2024,Qtr 1,mars,24
FRAIS,18,2024,Qtr 2,avril,2
FRAIS,18,2024,Qtr 2,avril,19
FRAIS,18,2024,Qtr 2,juin,8
FRAIS,18,2024,Qtr 3,juillet,6
FRAIS,18,2024,Qtr 3,juillet,27
FRAIS,18,2024,Qtr 3,septembre,11
FRAIS,18,2024,Qtr 4,octobre,11
FRAIS,18,2024,Qtr 4,octobre,13
FRAIS,18,2024,Qtr 4,octobre,23
FRAIS,18,2024,Qtr 4,octobre,29
FRAIS,18,2024,Qtr 4,novembre,1
FRAIS,18,2024,Qtr 4,novembre,11
FRAIS,18,2024,Qtr 4,novembre,14
FRAIS,18,2024,Qtr 4,novembre,28
HYGIENE,18,2024,Qtr 1,janvier,2
HYGIENE,18,2024,Qtr 1,janvier,29
HYGIENE,18,2024,Qtr 1,février,14
HYGIENE,18,2024,Qtr 1,février,16
HYGIENE,18,2024,Qtr 1,mars,18
HYGIENE,18,2024,Qtr 2,juin,18
HYGIENE,18,2024,Qtr 2,juin,26
HYGIENE,18,2024,Qtr 3,juillet,6
HYGIENE,18,2024,Qtr 3,septembre,5
HYGIENE,18,2024,Qtr 4,novembre,1
HYGIENE,18,2024,Qtr 4,novembre,4
HYGIENE,18,2024,Qtr 4,novembre,12
HYGIENE,18,2024,Qtr 4,novembre,28
AUTRES,17,2024,Qtr 1,février,29
AUTRES,17,2024,Qtr 1,mars,16
AUTRES,17,2024,Qtr 1,mars,23
AUTRES,17,2024,Qtr 2,mai,9
AUTRES,17,2024,Qtr 2,mai,18
AUTRES,17,2024,Qtr 2,juin,12
AUTRES,17,2024,Qtr 2,juin,24
AUTRES,17,2024,Qtr 3,juillet,4
AUTRES,17,2024,Qtr 3,juillet,10
AUTRES,17,2024,Qtr 3,juillet,24
AUTRES,17,2024,Qtr 3,août,12
AUTRES,17,2024,Qtr 3,août,26
AUTRES,17,2024,Qtr 4,novembre,7
AUTRES,17,2024,Qtr 4,novembre,11
AUTRES,17,2024,Qtr 4,décembre,6
AUTRES,17,2024,Qtr 4,décembre,22
BOISSONS,17,2024,Qtr 1,janvier,2
BOISSONS,17,2024,Qtr 1,janvier,25
BOISSONS,17,2024,Qtr 1,mars,25
BOISSONS,17,2024,Qtr 2,avril,23
BOISSONS,17,2024,Qtr 2,mai,19
BOISSONS,17,2024,Qtr 2,juin,8
BOISSONS,17,2024,Qtr 2,juin,9
BOISSONS,17,2024,Qtr 2,juin,12
BOISSONS,17,2024,Qtr 2,juin,23
BOISSONS,17,2024,Qtr 3,juillet,21
BOISSONS,17,2024,Qtr 3,septembre,16
BOISSONS,17,2024,Qtr 4,octobre,14
BOISSONS,17,2024,Qtr 4,octobre,16
BOISSONS,17,2024,Qtr 4,octobre,24
BOISSONS,17,2024,Qtr 4,novembre,4
CAFÉ & THÉ,17,2024,Qtr 1,février,12
CAFÉ & THÉ,17,2024,Qtr 1,février,17
CAFÉ & THÉ,17,2024,Qtr 1,mars,5
CAFÉ & THÉ,17,2024,Qtr 1,mars,6
CAFÉ & THÉ,17,2024,Qtr 1,mars,11
CAFÉ & THÉ,17,2024,Qtr 1,mars,26
CAFÉ & THÉ,17,2024,Qtr 2,avril,1
CAFÉ & THÉ,17,2024,Qtr 2,avril,16
CAFÉ & THÉ,17,2024,Qtr 2,avril,17
CAFÉ & THÉ,17,2024,Qtr 2,avril,22
CAFÉ & THÉ,17,2024,Qtr 2,avril,25
CAFÉ & THÉ,17,2024,Qtr 2,mai,28
CAFÉ & THÉ,17,2024,Qtr 3,juillet,7
CAFÉ & THÉ,17,2024,Qtr 3,août,30
CAFÉ & THÉ,17,2024,Qtr 3,septembre,5
CAFÉ & THÉ,17,2024,Qtr 4,octobre,15
CAFÉ & THÉ,17,2024,Qtr 4,octobre,28
CAFÉ & THÉ,17,2024,Qtr 4,décembre,24
EPICERIE,17,2024,Qtr 1,janvier,10
EPICERIE,17,2024,Qtr 2,avril,8
EPICERIE,17,2024,Qtr 2,avril,11
EPICERIE,17,2024,Qtr 2,mai,10
EPICERIE,17,2024,Qtr 2,juin,13
EPICERIE,17,2024,Qtr 3,juillet,10
EPICERIE,17,2024,Qtr 3,juillet,25
EPICERIE,17,2024,Qtr 3,août,27
EPICERIE,17,2024,Qtr 3,septembre,26
EPICERIE,17,2024,Qtr 4,octobre,14
EPICERIE,17,2024,Qtr 4,novembre,6
FRAIS,17,2024,Qtr 1,janvier,16
FRAIS,17,2024,Qtr 1,février,4
FRAIS,17,2024,Qtr 2,avril,10
FRAIS,17,2024,Qtr 2,mai,20
FRAIS,17,2024,Qtr 3,juillet,29
FRAIS,17,2024,Qtr 3,août,8
FRAIS,17,2024,Qtr 4,octobre,19
FRAIS,17,2024,Qtr 4,novembre,9
FRAIS,17,2024,Qtr 4,novembre,23
FRAIS,17,2024,Qtr 4,décembre,19
HYGIENE,17,2024,Qtr 1,janvier,27
HYGIENE,17,2024,Qtr 1,janvier,28
HYGIENE,17,2024,Qtr 1,mars,6
HYGIENE,17,2024,Qtr 2,mai,21
HYGIENE,17,2024,Qtr 2,mai,29
HYGIENE,17,2024,Qtr 2,juin,9
HYGIENE,17,2024,Qtr 3,août,10
HYGIENE,17,2024,Qtr 3,août,28
HYGIENE,17,2024,Qtr 4,décembre,11
HYGIENE,17,2024,Qtr 4,décembre,25
AUTRES,16,2024,Qtr 1,janvier,28
AUTRES,16,2024,Qtr 1,février,12
AUTRES,16,2024,Qtr 1,février,24
AUTRES,16,2024,Qtr 1,mars,20
AUTRES,16,2024,Qtr 1,mars,31
AUTRES,16,2024,Qtr 2,mai,2
AUTRES,16,2024,Qtr 2,mai,31
AUTRES,16,2024,Qtr 3,septembre,12
AUTRES,16,2024,Qtr 3,septembre,24
AUTRES,16,2024,Qtr 4,novembre,20
AUTRES,16,2024,Qtr 4,décembre,1
AUTRES,16,2024,Qtr 4,décembre,15
BOISSONS,16,2024,Qtr 1,janvier,7
BOISSONS,16,2024,Qtr 1,janvier,22
BOISSONS,16,2024,Qtr 1,février,1
BOISSONS,16,2024,Qtr 1,février,10
BOISSONS,16,2024,Qtr 1,février,20
BOISSONS,16,2024,Qtr 1,mars,19
BOISSONS,16,2024,Qtr 2,avril,9
BOISSONS,16,2024,Qtr 2,mai,21
BOISSONS,16,2024,Qtr 3,juillet,12
BOISSONS,16,2024,Qtr 3,août,11
BOISSONS,16,2024,Qtr 3,septembre,17
BOISSONS,16,2024,Qtr 4,octobre,4
BOISSONS,16,2024,Qtr 4,octobre,5
BOISSONS,16,2024,Qtr 4,octobre,6
BOISSONS,16,2024,Qtr 4,octobre,8
BOISSONS,16,2024,Qtr 4,octobre,23
CAFÉ & THÉ,16,2024,Qtr 1,février,27
CAFÉ & THÉ,16,2024,Qtr 3,juillet,14
CAFÉ & THÉ,16,2024,Qtr 3,août,10
CAFÉ & THÉ,16,2024,Qtr 3,août,28
CAFÉ & THÉ,16,2024,Qtr 3,août,31
CAFÉ & THÉ,16,2024,Qtr 4,décembre,16
EPICERIE,16,2024,Qtr 1,janvier,8
EPICERIE,16,2024,Qtr 1,janvier,13
EPICERIE,16,2024,Qtr 1,février,4
EPICERIE,16,2024,Qtr 1,mars,20
EPICERIE,16,2024,Qtr 2,avril,17
EPICERIE,16,2024,Qtr 2,mai,2
EPICERIE,16,2024,Qtr 3,juillet,20
EPICERIE,16,2024,Qtr 3,août,20
EPICERIE,16,2024,Qtr 4,octobre,10
EPICERIE,16,2024,Qtr 4,octobre,29
EPICERIE,16,2024,Qtr 4,novembre,20
FRAIS,16,2024,Qtr 1,février,20
FRAIS,16,2024,Qtr 1,février,24
FRAIS,16,2024,Qtr 1,mars,3
FRAIS,16,2024,Qtr 1,mars,8
FRAIS,16,2024,Qtr 1,mars,18
FRAIS,16,2024,Qtr 1,mars,29
FRAIS,16,2024,Qtr 2,juin,13
FRAIS,16,2024,Qtr 3,juillet,2
FRAIS,16,2024,Qtr 3,juillet,21
FRAIS,16,2024,Qtr 3,septembre,15
HYGIENE,16,2024,Qtr 2,avril,3
HYGIENE,16,2024,Qtr 2,avril,7
HYGIENE,16,2024,Qtr 2,avril,26
HYGIENE,16,2024,Qtr 2,mai,3
HYGIENE,16,2024,Qtr 3,août,6
HYGIENE,16,2024,Qtr 4,octobre,18
HYGIENE,16,2024,Qtr 4,novembre,27
HYGIENE,16,2024,Qtr 4,décembre,27
AUTRES,15,2024,Qtr 1,janvier,13
AUTRES,15,2024,Qtr 2,avril,13
AUTRES,15,2024,Qtr 3,juillet,30
AUTRES,15,2024,Qtr 3,septembre,17
AUTRES,15,2024,Qtr 4,octobre,7
AUTRES,15,2024,Qtr 4,décembre,17
BOISSONS,15,2024,Qtr 1,janvier,30
BOISSONS,15,2024,Qtr 1,mars,29
BOISSONS,15,2024,Qtr 2,avril,4
BOISSONS,15,2024,Qtr 2,avril,14
BOISSONS,15,2024,Qtr 2,juin,16
BOISSONS,15,2024,Qtr 2,juin,17
BOISSONS,15,2024,Qtr 2,juin,22
BOISSONS,15,2024,Qtr 3,août,4
BOISSONS,15,2024,Qtr 3,août,20
BOISSONS,15,2024,Qtr 3,septembre,7
BOISSONS,15,2024,Qtr 3,septembre,20
BOISSONS,15,2024,Qtr 4,octobre,18
BOISSONS,15,2024,Qtr 4,décembre,29
CAFÉ & THÉ,15,2024,Qtr 1,janvier,15
CAFÉ & THÉ,15,2024,Qtr 1,janvier,23
CAFÉ & THÉ,15,2024,Qtr 1,janvier,27
CAFÉ & THÉ,15,2024,Qtr 1,mars,4
CAFÉ & THÉ,15,2024,Qtr 1,mars,12
CAFÉ & THÉ,15,2024,Qtr 2,avril,7
CAFÉ & THÉ,15,2024,Qtr 2,mai,3
CAFÉ & THÉ,15,2024,Qtr 2,mai,5
CAFÉ & THÉ,15,2024,Qtr 2,mai,22
CAFÉ & THÉ,15,2024,Qtr 2,juin,8
CAFÉ & THÉ,15,2024,Qtr 2,juin,12
CAFÉ & THÉ,15,2024,Qtr 2,juin,14
CAFÉ & THÉ,15,2024,Qtr 3,août,18
CAFÉ & THÉ,15,2024,Qtr 4,octobre,11
CAFÉ & THÉ,15,2024,Qtr 4,novembre,14
EPICERIE,15,2024,Qtr 1,janvier,19
EPICERIE,15,2024,Qtr 1,janvier,27
EPICERIE,15,2024,Qtr 1,mars,30
EPICERIE,15,2024,Qtr 2,avril,19
EPICERIE,15,2024,Qtr 2,avril,25
EPICERIE,15,2024,Qtr 2,juin,21
EPICERIE,15,2024,Qtr 3,août,4
EPICERIE,15,2024,Qtr 3,septembre,29
EPICERIE,15,2024,Qtr 4,novembre,13
EPICERIE,15,2024,Qtr 4,novembre,16
EPICERIE,15,2024,Qtr 4,décembre,4
EPICERIE,15,2024,Qtr 4,décembre,24
FRAIS,15,2024,Qtr 1,janvier,7
FRAIS,15,2024,Qtr 1,janvier,12
FRAIS,15,2024,Qtr 1,février,5
FRAIS,15,2024,Qtr 1,février,16
FRAIS,15,2024,Qtr 2,avril,12
FRAIS,15,2024,Qtr 2,avril,18
FRAIS,15,2024,Qtr 2,avril,27
FRAIS,15,2024,Qtr 2,juin,30
FRAIS,15,2024,Qtr 3,août,17
FRAIS,15,2024,Qtr 3,septembre,23
FRAIS,15,2024,Qtr 4,octobre,6
FRAIS,15,2024,Qtr 4,octobre,17
HYGIENE,15,2024,Qtr 1,février,7
HYGIENE,15,2024,Qtr 1,mars,28
HYGIENE,15,2024,Qtr 2,avril,19
HYGIENE,15,2024,Qtr 2,avril,24
HYGIENE,15,2024,Qtr 2,avril,30
HYGIENE,15,2024,Qtr 2,mai,10
HYGIENE,15,2024,Qtr 2,mai,31
HYGIENE,15,2024,Qtr 2,juin,6
HYGIENE,15,2024,Qtr 3,juillet,25
HYGIENE,15,2024,Qtr 3,août,20
HYGIENE,15,2024,Qtr 3,août,25
HYGIENE,15,2024,Qtr 4,octobre,2
HYGIENE,15,2024,Qtr 4,octobre,13
HYGIENE,15,2024,Qtr 4,décembre,12
AUTRES,14,2024,Qtr 1,février,14
AUTRES,14,2024,Qtr 1,février,19
AUTRES,14,2024,Qtr 2,mai,3
AUTRES,14,2024,Qtr 2,mai,23
AUTRES,14,2024,Qtr 2,juin,21
AUTRES,14,2024,Qtr 3,juillet,1
AUTRES,14,2024,Qtr 3,juillet,5
AUTRES,14,2024,Qtr 3,juillet,19
AUTRES,14,2024,Qtr 3,août,15
AUTRES,14,2024,Qtr 3,août,16
AUTRES,14,2024,Qtr 3,septembre,2
AUTRES,14,2024,Qtr 3,septembre,26
AUTRES,14,2024,Qtr 4,novembre,1
AUTRES,14,2024,Qtr 4,novembre,13
AUTRES,14,2024,Qtr 4,décembre,3
BOISSONS,14,2024,Qtr 1,mars,22
BOISSONS,14,2024,Qtr 2,avril,7
BOISSONS,14,2024,Qtr 2,mai,8
BOISSONS,14,2024,Qtr 3,juillet,18
BOISSONS,14,2024,Qtr 3,septembre,23
BOISSONS,14,2024,Qtr 4,novembre,3
CAFÉ & THÉ,14,2024,Qtr 1,janvier,19
CAFÉ & THÉ,14,2024,Qtr 1,février,21
CAFÉ & THÉ,14,2024,Qtr 1,février,29
CAFÉ & THÉ,14,2024,Qtr 2,juin,19
CAFÉ & THÉ,14,2024,Qtr 3,juillet,4
CAFÉ & THÉ,14,2024,Qtr 3,juillet,5
CAFÉ & THÉ,14,2024,Qtr 3,juillet,20
CAFÉ & THÉ,14,2024,Qtr 3,août,3
CAFÉ & THÉ,14,2024,Qtr 3,septembre,2
CAFÉ & THÉ,14,2024,Qtr 3,septembre,15
CAFÉ & THÉ,14,2024,Qtr 4,octobre,31
CAFÉ & THÉ,14,2024,Qtr 4,novembre,2
CAFÉ & THÉ,14,2024,Qtr 4,novembre,11
CAFÉ & THÉ,14,2024,Qtr 4,novembre,17
CAFÉ & THÉ,14,2024,Qtr 4,novembre,22
CAFÉ & THÉ,14,2024,Qtr 4,décembre,13
EPICERIE,14,2024,Qtr 1,janvier,22
EPICERIE,14,2024,Qtr 2,avril,29
EPICERIE,14,2024,Qtr 2,juin,2
EPICERIE,14,2024,Qtr 2,juin,3
EPICERIE,14,2024,Qtr 3,juillet,22
EPICERIE,14,2024,Qtr 3,août,11
EPICERIE,14,2024,Qtr 3,août,16
EPICERIE,14,2024,Qtr 3,août,24
EPICERIE,14,2024,Qtr 3,septembre,18
EPICERIE,14,2024,Qtr 4,octobre,9
EPICERIE,14,2024,Qtr 4,novembre,17
FRAIS,14,2024,Qtr 1,février,28
FRAIS,14,2024,Qtr 1,mars,13
FRAIS,14,2024,Qtr 1,mars,28
FRAIS,14,2024,Qtr 2,juin,9
FRAIS,14,2024,Qtr 2,juin,10
FRAIS,14,2024,Qtr 3,juillet,16
FRAIS,14,2024,Qtr 3,août,30
FRAIS,14,2024,Qtr 3,septembre,25
FRAIS,14,2024,Qtr 4,décembre,21
HYGIENE,14,2024,Qtr 1,janvier,18
HYGIENE,14,2024,Qtr 1,janvier,22
HYGIENE,14,2024,Qtr 1,janvier,31
HYGIENE,14,2024,Qtr 1,mars,15
HYGIENE,14,2024,Qtr 2,juin,5
HYGIENE,14,2024,Qtr 2,juin,13
HYGIENE,14,2024,Qtr 2,juin,14
HYGIENE,14,2024,Qtr 3,juillet,22
HYGIENE,14,2024,Qtr 3,août,11
HYGIENE,14,2024,Qtr 4,novembre,30
AUTRES,13,2024,Qtr 1,février,21
AUTRES,13,2024,Qtr 2,mai,27
AUTRES,13,2024,Qtr 2,juin,15
AUTRES,13,2024,Qtr 3,août,6
AUTRES,13,2024,Qtr 3,septembre,3
AUTRES,13,2024,Qtr 3,septembre,6
AUTRES,13,2024,Qtr 3,septembre,10
AUTRES,13,2024,Qtr 4,octobre,11
AUTRES,13,2024,Qtr 4,octobre,13
AUTRES,13,2024,Qtr 4,novembre,3
AUTRES,13,2024,Qtr 4,novembre,14
AUTRES,13,2024,Qtr 4,novembre,28
AUTRES,13,2024,Qtr 4,décembre,18
BOISSONS,13,2024,Qtr 1,janvier,31
BOISSONS,13,2024,Qtr 1,mars,6
BOISSONS,13,2024,Qtr 1,mars,21
BOISSONS,13,2024,Qtr 2,avril,11
BOISSONS,13,2024,Qtr 3,juillet,26
BOISSONS,13,2024,Qtr 3,août,28
BOISSONS,13,2024,Qtr 4,octobre,20
BOISSONS,13,2024,Qtr 4,octobre,25
BOISSONS,13,2024,Qtr 4,novembre,30
BOISSONS,13,2024,Qtr 4,décembre,21
CAFÉ & THÉ,13,2024,Qtr 1,février,11
CAFÉ & THÉ,13,2024,Qtr 1,février,22
CAFÉ & THÉ,13,2024,Qtr 2,avril,4
CAFÉ & THÉ,13,2024,Qtr 2,avril,19
CAFÉ & THÉ,13,2024,Qtr 2,mai,8
CAFÉ & THÉ,13,2024,Qtr 3,juillet,17
CAFÉ & THÉ,13,2024,Qtr 3,juillet,22
CAFÉ & THÉ,13,2024,Qtr 3,juillet,23
CAFÉ & THÉ,13,2024,Qtr 3,août,27
CAFÉ & THÉ,13,2024,Qtr 3,septembre,3
CAFÉ & THÉ,13,2024,Qtr 3,septembre,26
CAFÉ & THÉ,13,2024,Qtr 4,octobre,6
CAFÉ & THÉ,13,2024,Qtr 4,octobre,23
CAFÉ & THÉ,13,2024,Qtr 4,décembre,17
EPICERIE,13,2024,Qtr 1,janvier,21
EPICERIE,13,2024,Qtr 1,mars,3
EPICERIE,13,2024,Qtr 1,mars,4
EPICERIE,13,2024,Qtr 2,mai,22
EPICERIE,13,2024,Qtr 2,juin,4
EPICERIE,13,2024,Qtr 2,juin,12
EPICERIE,13,2024,Qtr 3,août,6
EPICERIE,13,2024,Qtr 3,août,29
EPICERIE,13,2024,Qtr 3,septembre,25
EPICERIE,13,2024,Qtr 4,octobre,2
FRAIS,13,2024,Qtr 1,janvier,9
FRAIS,13,2024,Qtr 1,janvier,14
FRAIS,13,2024,Qtr 1,janvier,17
FRAIS,13,2024,Qtr 1,février,6
FRAIS,13,2024,Qtr 1,février,23
FRAIS,13,2024,Qtr 2,avril,14
FRAIS,13,2024,Qtr 2,mai,29
FRAIS,13,2024,Qtr 2,juin,14
FRAIS,13,2024,Qtr 2,juin,29
FRAIS,13,2024,Qtr 3,juillet,7
FRAIS,13,2024,Qtr 3,septembre,2
HYGIENE,13,2024,Qtr 1,janvier,19
HYGIENE,13,2024,Qtr 1,février,13
HYGIENE,13,2024,Qtr 1,mars,17
HYGIENE,13,2024,Qtr 1,mars,21
HYGIENE,13,2024,Qtr 2,mai,20
HYGIENE,13,2024,Qtr 3,août,30
HYGIENE,13,2024,Qtr 3,septembre,1
HYGIENE,13,2024,Qtr 3,septembre,9
HYGIENE,13,2024,Qtr 3,septembre,14
HYGIENE,13,2024,Qtr 4,novembre,3
HYGIENE,13,2024,Qtr 4,novembre,11
AUTRES,12,2024,Qtr 1,janvier,9
AUTRES,12,2024,Qtr 1,janvier,14
AUTRES,12,2024,Qtr 1,janvier,21
AUTRES,12,2024,Qtr 1,janvier,23
AUTRES,12,2024,Qtr 1,janvier,26
AUTRES,12,2024,Qtr 1,janvier,29
AUTRES,12,2024,Qtr 1,janvier,31
AUTRES,12,2024,Qtr 1,février,3
AUTRES,12,2024,Qtr 2,avril,2
AUTRES,12,2024,Qtr 2,avril,11
AUTRES,12,2024,Qtr 2,avril,24
AUTRES,12,2024,Qtr 2,avril,30
AUTRES,12,2024,Qtr 2,mai,11
AUTRES,12,2024,Qtr 2,mai,16
AUTRES,12,2024,Qtr 2,mai,17
AUTRES,12,2024,Qtr 2,mai,22
AUTRES,12,2024,Qtr 2,juin,22
AUTRES,12,2024,Qtr 3,juillet,3
AUTRES,12,2024,Qtr 3,juillet,18
AUTRES,12,2024,Qtr 3,juillet,21
AUTRES,12,2024,Qtr 3,septembre,13
AUTRES,12,2024,Qtr 4,octobre,17
AUTRES,12,2024,Qtr 4,octobre,24
AUTRES,12,2024,Qtr 4,octobre,25
AUTRES,12,2024,Qtr 4,novembre,12
AUTRES,12,2024,Qtr 4,décembre,31
BOISSONS,12,2024,Qtr 1,mars,31
BOISSONS,12,2024,Qtr 2,avril,12
BOISSONS,12,2024,Qtr 2,avril,16
BOISSONS,12,2024,Qtr 3,août,3
BOISSONS,12,2024,Qtr 3,août,10
BOISSONS,12,2024,Qtr 3,septembre,12
BOISSONS,12,2024,Qtr 4,novembre,9
BOISSONS,12,2024,Qtr 4,novembre,13
BOISSONS,12,2024,Qtr 4,novembre,15
BOISSONS,12,2024,Qtr 4,novembre,24
BOISSONS,12,2024,Qtr 4,décembre,3
BOISSONS,12,2024,Qtr 4,décembre,26
CAFÉ & THÉ,12,2024,Qtr 1,janvier,5
CAFÉ & THÉ,12,2024,Qtr 1,janvier,9
CAFÉ & THÉ,12,2024,Qtr 1,janvier,29
CAFÉ & THÉ,12,2024,Qtr 1,février,1
CAFÉ & THÉ,12,2024,Qtr 1,février,24
CAFÉ & THÉ,12,2024,Qtr 2,avril,15
CAFÉ & THÉ,12,2024,Qtr 2,mai,23
CAFÉ & THÉ,12,2024,Qtr 2,mai,31
CAFÉ & THÉ,12,2024,Qtr 2,juin,22
CAFÉ & THÉ,12,2024,Qtr 3,juillet,8
CAFÉ & THÉ,12,2024,Qtr 3,juillet,19
CAFÉ & THÉ,12,2024,Qtr 3,août,20
CAFÉ & THÉ,12,2024,Qtr 3,août,26
CAFÉ & THÉ,12,2024,Qtr 4,octobre,24
CAFÉ & THÉ,12,2024,Qtr 4,novembre,25
CAFÉ & THÉ,12,2024,Qtr 4,novembre,27
EPICERIE,12,2024,Qtr 1,février,10
EPICERIE,12,2024,Qtr 1,mars,10
EPICERIE,12,2024,Qtr 2,mai,12
EPICERIE,12,2024,Qtr 2,mai,18
EPICERIE,12,2024,Qtr 2,mai,27
EPICERIE,12,2024,Qtr 2,juin,9
EPICERIE,12,2024,Qtr 2,juin,16
EPICERIE,12,2024,Qtr 3,juillet,28
EPICERIE,12,2024,Qtr 3,août,28
EPICERIE,12,2024,Qtr 3,septembre,12
EPICERIE,12,2024,Qtr 3,septembre,24
EPICERIE,12,2024,Qtr 4,octobre,6
EPICERIE,12,2024,Qtr 4,octobre,18
EPICERIE,12,2024,Qtr 4,novembre,4
EPICERIE,12,2024,Qtr 4,novembre,7
EPICERIE,12,2024,Qtr 4,novembre,27
EPICERIE,12,2024,Qtr 4,décembre,8
EPICERIE,12,2024,Qtr 4,décembre,22
FRAIS,12,2024,Qtr 1,janvier,5
FRAIS,12,2024,Qtr 1,janvier,18
FRAIS,12,2024,Qtr 1,janvier,24
FRAIS,12,2024,Qtr 1,février,10
FRAIS,12,2024,Qtr 1,février,26
FRAIS,12,2024,Qtr 1,mars,17
FRAIS,12,2024,Qtr 1,mars,25
FRAIS,12,2024,Qtr 1,mars,31
FRAIS,12,2024,Qtr 2,mai,25
FRAIS,12,2024,Qtr 2,juin,18
FRAIS,12,2024,Qtr 3,juillet,5
FRAIS,12,2024,Qtr 3,juillet,12
FRAIS,12,2024,Qtr 3,juillet,28
FRAIS,12,2024,Qtr 3,août,3
FRAIS,12,2024,Qtr 3,août,9
FRAIS,12,2024,Qtr 3,août,16
FRAIS,12,2024,Qtr 3,août,18
FRAIS,12,2024,Qtr 3,août,21
FRAIS,12,2024,Qtr 3,septembre,19
FRAIS,12,2024,Qtr 4,octobre,15
FRAIS,12,2024,Qtr 4,octobre,25
FRAIS,12,2024,Qtr 4,octobre,30
FRAIS,12,2024,Qtr 4,novembre,24
FRAIS,12,2024,Qtr 4,décembre,12
HYGIENE,12,2024,Qtr 1,janvier,13
HYGIENE,12,2024,Qtr 1,février,4
HYGIENE,12,2024,Qtr 1,février,10
HYGIENE,12,2024,Qtr 1,février,25
HYGIENE,12,2024,Qtr 1,mars,11
HYGIENE,12,2024,Qtr 1,mars,30
HYGIENE,12,2024,Qtr 2,juin,10
HYGIENE,12,2024,Qtr 2,juin,19
HYGIENE,12,2024,Qtr 3,août,3
HYGIENE,12,2024,Qtr 3,septembre,17
HYGIENE,12,2024,Qtr 3,septembre,24
HYGIENE,12,2024,Qtr 3,septembre,30
HYGIENE,12,2024,Qtr 4,octobre,10
HYGIENE,12,2024,Qtr 4,octobre,21
HYGIENE,12,2024,Qtr 4,novembre,5
HYGIENE,12,2024,Qtr 4,novembre,18
HYGIENE,12,2024,Qtr 4,novembre,20
HYGIENE,12,2024,Qtr 4,décembre,5
HYGIENE,12,2024,Qtr 4,décembre,15
HYGIENE,12,2024,Qtr 4,décembre,26
AUTRES,11,2024,Qtr 1,janvier,5
AUTRES,11,2024,Qtr 1,février,5
AUTRES,11,2024,Qtr 2,juin,28
AUTRES,11,2024,Qtr 3,août,17
AUTRES,11,2024,Qtr 3,août,28
AUTRES,11,2024,Qtr 3,août,29
AUTRES,11,2024,Qtr 3,septembre,29
AUTRES,11,2024,Qtr 4,octobre,12
AUTRES,11,2024,Qtr 4,novembre,30
AUTRES,11,2024,Qtr 4,décembre,13
AUTRES,11,2024,Qtr 4,décembre,14
BOISSONS,11,2024,Qtr 1,février,22
BOISSONS,11,2024,Qtr 1,février,26
BOISSONS,11,2024,Qtr 1,mars,3
BOISSONS,11,2024,Qtr 1,mars,10
BOISSONS,11,2024,Qtr 1,mars,18
BOISSONS,11,2024,Qtr 2,mai,20
BOISSONS,11,2024,Qtr 3,juillet,5
BOISSONS,11,2024,Qtr 3,juillet,19
BOISSONS,11,2024,Qtr 3,juillet,31
BOISSONS,11,2024,Qtr 4,octobre,15
BOISSONS,11,2024,Qtr 4,novembre,22
BOISSONS,11,2024,Qtr 4,novembre,27
BOISSONS,11,2024,Qtr 4,décembre,8
CAFÉ & THÉ,11,2024,Qtr 2,avril,2
CAFÉ & THÉ,11,2024,Qtr 2,avril,26
CAFÉ & THÉ,11,2024,Qtr 2,mai,7
CAFÉ & THÉ,11,2024,Qtr 2,mai,20
CAFÉ & THÉ,11,2024,Qtr 2,juin,25
CAFÉ & THÉ,11,2024,Qtr 3,juillet,3
CAFÉ & THÉ,11,2024,Qtr 3,août,24
CAFÉ & THÉ,11,2024,Qtr 3,septembre,10
CAFÉ & THÉ,11,2024,Qtr 4,octobre,27
CAFÉ & THÉ,11,2024,Qtr 4,novembre,24
CAFÉ & THÉ,11,2024,Qtr 4,décembre,5
CAFÉ & THÉ,11,2024,Qtr 4,décembre,12
EPICERIE,11,2024,Qtr 1,janvier,11
EPICERIE,11,2024,Qtr 1,janvier,18
EPICERIE,11,2024,Qtr 1,janvier,25
EPICERIE,11,2024,Qtr 1,février,20
EPICERIE,11,2024,Qtr 1,mars,26
EPICERIE,11,2024,Qtr 1,mars,31
EPICERIE,11,2024,Qtr 2,mai,5
EPICERIE,11,2024,Qtr 2,mai,23
EPICERIE,11,2024,Qtr 3,juillet,15
EPICERIE,11,2024,Qtr 3,juillet,19
EPICERIE,11,2024,Qtr 4,décembre,9
EPICERIE,11,2024,Qtr 4,décembre,27
FRAIS,11,2024,Qtr 1,février,8
FRAIS,11,2024,Qtr 1,février,14
FRAIS,11,2024,Qtr 1,février,27
FRAIS,11,2024,Qtr 1,mars,6
FRAIS,11,2024,Qtr 1,mars,10
FRAIS,11,2024,Qtr 1,mars,23
FRAIS,11,2024,Qtr 2,avril,5
FRAIS,11,2024,Qtr 2,juin,11
FRAIS,11,2024,Qtr 3,septembre,13
HYGIENE,11,2024,Qtr 1,février,3
HYGIENE,11,2024,Qtr 1,février,11
HYGIENE,11,2024,Qtr 1,mars,3
HYGIENE,11,2024,Qtr 2,avril,28
HYGIENE,11,2024,Qtr 2,mai,30
HYGIENE,11,2024,Qtr 2,juin,20
HYGIENE,11,2024,Qtr 2,juin,21
HYGIENE,11,2024,Qtr 3,juillet,13
HYGIENE,11,2024,Qtr 3,septembre,12
HYGIENE,11,2024,Qtr 4,novembre,15
AUTRES,10,2024,Qtr 1,janvier,15
AUTRES,10,2024,Qtr 1,janvier,22
AUTRES,10,2024,Qtr 1,janvier,30
AUTRES,10,2024,Qtr 1,février,25
AUTRES,10,2024,Qtr 1,février,28
AUTRES,10,2024,Qtr 2,mai,8
AUTRES,10,2024,Qtr 2,mai,12
AUTRES,10,2024,Qtr 2,mai,30
AUTRES,10,2024,Qtr 3,août,5
AUTRES,10,2024,Qtr 3,août,31
AUTRES,10,2024,Qtr 3,septembre,16
AUTRES,10,2024,Qtr 3,septembre,20
AUTRES,10,2024,Qtr 4,novembre,22
AUTRES,10,2024,Qtr 4,novembre,25
BOISSONS,10,2024,Qtr 1,janvier,23
BOISSONS,10,2024,Qtr 1,février,4
BOISSONS,10,2024,Qtr 1,mars,14
BOISSONS,10,2024,Qtr 2,avril,6
BOISSONS,10,2024,Qtr 2,avril,24
BOISSONS,10,2024,Qtr 2,mai,18
BOISSONS,10,2024,Qtr 2,juin,10
BOISSONS,10,2024,Qtr 2,juin,13
BOISSONS,10,2024,Qtr 3,juillet,23
BOISSONS,10,2024,Qtr 3,juillet,30
BOISSONS,10,2024,Qtr 3,août,26
BOISSONS,10,2024,Qtr 3,septembre,25
BOISSONS,10,2024,Qtr 4,octobre,17
BOISSONS,10,2024,Qtr 4,novembre,6
BOISSONS,10,2024,Qtr 4,novembre,20
CAFÉ & THÉ,10,2024,Qtr 1,janvier,25
CAFÉ & THÉ,10,2024,Qtr 1,mars,9
CAFÉ & THÉ,10,2024,Qtr 1,mars,13
CAFÉ & THÉ,10,2024,Qtr 1,mars,23
CAFÉ & THÉ,10,2024,Qtr 2,mai,14
CAFÉ & THÉ,10,2024,Qtr 2,mai,15
CAFÉ & THÉ,10,2024,Qtr 2,mai,16
CAFÉ & THÉ,10,2024,Qtr 2,juin,27
CAFÉ & THÉ,10,2024,Qtr 3,juillet,2
CAFÉ & THÉ,10,2024,Qtr 3,septembre,16
CAFÉ & THÉ,10,2024,Qtr 3,septembre,18
CAFÉ & THÉ,10,2024,Qtr 4,octobre,8
CAFÉ & THÉ,10,2024,Qtr 4,octobre,13
CAFÉ & THÉ,10,2024,Qtr 4,octobre,17
CAFÉ & THÉ,10,2024,Qtr 4,décembre,28
EPICERIE,10,2024,Qtr 1,janvier,2
EPICERIE,10,2024,Qtr 1,janvier,30
EPICERIE,10,2024,Qtr 1,mars,8
EPICERIE,10,2024,Qtr 2,avril,10
EPICERIE,10,2024,Qtr 2,juin,22
EPICERIE,10,2024,Qtr 3,juillet,18
EPICERIE,10,2024,Qtr 3,août,14
EPICERIE,10,2024,Qtr 3,août,18
EPICERIE,10,2024,Qtr 4,octobre,22
EPICERIE,10,2024,Qtr 4,novembre,10
FRAIS,10,2024,Qtr 1,février,29
FRAIS,10,2024,Qtr 1,mars,4
FRAIS,10,2024,Qtr 2,juin,4
FRAIS,10,2024,Qtr 4,octobre,3
FRAIS,10,2024,Qtr 4,novembre,12
HYGIENE,10,2024,Qtr 1,janvier,5
HYGIENE,10,2024,Qtr 1,mars,7
HYGIENE,10,2024,Qtr 2,avril,1
HYGIENE,10,2024,Qtr 2,avril,16
HYGIENE,10,2024,Qtr 2,avril,18
HYGIENE,10,2024,Qtr 2,avril,25
HYGIENE,10,2024,Qtr 2,juin,2
HYGIENE,10,2024,Qtr 3,juillet,1
HYGIENE,10,2024,Qtr 3,juillet,27
HYGIENE,10,2024,Qtr 3,septembre,28
HYGIENE,10,2024,Qtr 4,octobre,6
HYGIENE,10,2024,Qtr 4,octobre,11
HYGIENE,10,2024,Qtr 4,novembre,13
HYGIENE,10,2024,Qtr 4,décembre,20
AUTRES,9,2024,Qtr 1,mars,21
AUTRES,9,2024,Qtr 3,juillet,9
AUTRES,9,2024,Qtr 3,août,3
AUTRES,9,2024,Qtr 3,septembre,5
AUTRES,9,2024,Qtr 3,septembre,14
AUTRES,9,2024,Qtr 3,septembre,15
AUTRES,9,2024,Qtr 3,septembre,21
AUTRES,9,2024,Qtr 4,octobre,28
BOISSONS,9,2024,Qtr 1,mars,2
BOISSONS,9,2024,Qtr 2,avril,2
BOISSONS,9,2024,Qtr 2,mai,9
BOISSONS,9,2024,Qtr 2,juin,25
BOISSONS,9,2024,Qtr 2,juin,26
BOISSONS,9,2024,Qtr 3,juillet,1
BOISSONS,9,2024,Qtr 3,septembre,15
BOISSONS,9,2024,Qtr 4,octobre,27
BOISSONS,9,2024,Qtr 4,décembre,31
CAFÉ & THÉ,9,2024,Qtr 1,février,16
CAFÉ & THÉ,9,2024,Qtr 1,mars,28
CAFÉ & THÉ,9,2024,Qtr 2,avril,6
CAFÉ & THÉ,9,2024,Qtr 2,avril,29
CAFÉ & THÉ,9,2024,Qtr 2,avril,30
CAFÉ & THÉ,9,2024,Qtr 3,juillet,12
CAFÉ & THÉ,9,2024,Qtr 3,juillet,28
CAFÉ & THÉ,9,2024,Qtr 3,août,8
CAFÉ & THÉ,9,2024,Qtr 3,septembre,14
CAFÉ & THÉ,9,2024,Qtr 4,novembre,20
CAFÉ & THÉ,9,2024,Qtr 4,novembre,30
EPICERIE,9,2024,Qtr 1,février,16
EPICERIE,9,2024,Qtr 2,avril,4
EPICERIE,9,2024,Qtr 2,juin,28
EPICERIE,9,2024,Qtr 3,août,3
EPICERIE,9,2024,Qtr 4,novembre,23
FRAIS,9,2024,Qtr 1,janvier,28
FRAIS,9,2024,Qtr 1,janvier,29
FRAIS,9,2024,Qtr 1,février,19
FRAIS,9,2024,Qtr 2,avril,9
FRAIS,9,2024,Qtr 2,avril,25
FRAIS,9,2024,Qtr 2,mai,16
FRAIS,9,2024,Qtr 2,mai,26
FRAIS,9,2024,Qtr 2,juin,21
FRAIS,9,2024,Qtr 3,juillet,4
FRAIS,9,2024,Qtr 3,août,13
FRAIS,9,2024,Qtr 3,août,27
FRAIS,9,2024,Qtr 3,septembre,18
FRAIS,9,2024,Qtr 3,septembre,21
FRAIS,9,2024,Qtr 4,octobre,5
FRAIS,9,2024,Qtr 4,octobre,21
FRAIS,9,2024,Qtr 4,novembre,6
FRAIS,9,2024,Qtr 4,décembre,28
HYGIENE,9,2024,Qtr 1,février,23
HYGIENE,9,2024,Qtr 2,avril,6
HYGIENE,9,2024,Qtr 2,juin,16
HYGIENE,9,2024,Qtr 2,juin,17
HYGIENE,9,2024,Qtr 3,juillet,12
HYGIENE,9,2024,Qtr 3,août,26
HYGIENE,9,2024,Qtr 3,septembre,7
HYGIENE,9,2024,Qtr 4,décembre,3
AUTRES,8,2024,Qtr 1,janvier,3
AUTRES,8,2024,Qtr 1,mars,13
AUTRES,8,2024,Qtr 1,mars,26
AUTRES,8,2024,Qtr 1,mars,28
AUTRES,8,2024,Qtr 2,avril,10
AUTRES,8,2024,Qtr 3,juillet,29
AUTRES,8,2024,Qtr 3,août,10
AUTRES,8,2024,Qtr 3,août,18
AUTRES,8,2024,Qtr 3,septembre,11
AUTRES,8,2024,Qtr 4,novembre,4
AUTRES,8,2024,Qtr 4,novembre,18
BOISSONS,8,2024,Qtr 1,janvier,12
BOISSONS,8,2024,Qtr 1,février,17
BOISSONS,8,2024,Qtr 1,mars,24
BOISSONS,8,2024,Qtr 2,avril,5
BOISSONS,8,2024,Qtr 2,avril,10
BOISSONS,8,2024,Qtr 2,juin,29
BOISSONS,8,2024,Qtr 3,juillet,7
BOISSONS,8,2024,Qtr 3,août,13
BOISSONS,8,2024,Qtr 3,septembre,2
BOISSONS,8,2024,Qtr 3,septembre,14
BOISSONS,8,2024,Qtr 4,octobre,13
BOISSONS,8,2024,Qtr 4,novembre,16
CAFÉ & THÉ,8,2024,Qtr 1,janvier,6
CAFÉ & THÉ,8,2024,Qtr 1,janvier,14
CAFÉ & THÉ,8,2024,Qtr 1,février,7
CAFÉ & THÉ,8,2024,Qtr 2,mai,12
CAFÉ & THÉ,8,2024,Qtr 2,juin,30
CAFÉ & THÉ,8,2024,Qtr 3,août,16
CAFÉ & THÉ,8,2024,Qtr 4,octobre,2
CAFÉ & THÉ,8,2024,Qtr 4,octobre,5
CAFÉ & THÉ,8,2024,Qtr 4,octobre,22
CAFÉ & THÉ,8,2024,Qtr 4,novembre,4
CAFÉ & THÉ,8,2024,Qtr 4,novembre,26
CAFÉ & THÉ,8,2024,Qtr 4,décembre,15
EPICERIE,8,2024,Qtr 1,janvier,6
EPICERIE,8,2024,Qtr 1,mars,18
EPICERIE,8,2024,Qtr 2,mai,8
EPICERIE,8,2024,Qtr 2,mai,17
EPICERIE,8,2024,Qtr 2,juin,29
EPICERIE,8,2024,Qtr 3,août,2
EPICERIE,8,2024,Qtr 3,août,25
EPICERIE,8,2024,Qtr 3,septembre,1
EPICERIE,8,2024,Qtr 3,septembre,5
EPICERIE,8,2024,Qtr 3,septembre,7
EPICERIE,8,2024,Qtr 3,septembre,21
EPICERIE,8,2024,Qtr 4,octobre,3
EPICERIE,8,2024,Qtr 4,décembre,13
EPICERIE,8,2024,Qtr 4,décembre,28
FRAIS,8,2024,Qtr 1,janvier,15
FRAIS,8,2024,Qtr 1,janvier,21
FRAIS,8,2024,Qtr 1,mars,9
FRAIS,8,2024,Qtr 2,avril,6
FRAIS,8,2024,Qtr 2,avril,8
FRAIS,8,2024,Qtr 2,avril,15
FRAIS,8,2024,Qtr 2,avril,17
FRAIS,8,2024,Qtr 2,juin,23
FRAIS,8,2024,Qtr 3,juillet,9
FRAIS,8,2024,Qtr 3,juillet,23
FRAIS,8,2024,Qtr 3,juillet,24
FRAIS,8,2024,Qtr 3,août,20
FRAIS,8,2024,Qtr 3,août,28
FRAIS,8,2024,Qtr 3,septembre,26
FRAIS,8,2024,Qtr 4,octobre,14
FRAIS,8,2024,Qtr 4,novembre,18
FRAIS,8,2024,Qtr 4,novembre,21
FRAIS,8,2024,Qtr 4,décembre,9
HYGIENE,8,2024,Qtr 1,janvier,6
HYGIENE,8,2024,Qtr 1,janvier,7
HYGIENE,8,2024,Qtr 1,janvier,14
HYGIENE,8,2024,Qtr 1,janvier,21
HYGIENE,8,2024,Qtr 1,février,27
HYGIENE,8,2024,Qtr 1,mars,25
HYGIENE,8,2024,Qtr 3,juillet,23
HYGIENE,8,2024,Qtr 3,août,13
HYGIENE,8,2024,Qtr 3,septembre,4
HYGIENE,8,2024,Qtr 3,septembre,6
HYGIENE,8,2024,Qtr 3,septembre,11
HYGIENE,8,2024,Qtr 4,octobre,5
HYGIENE,8,2024,Qtr 4,décembre,2
HYGIENE,8,2024,Qtr 4,décembre,8
AUTRES,7,2024,Qtr 2,avril,5
AUTRES,7,2024,Qtr 2,avril,17
AUTRES,7,2024,Qtr 3,juillet,12
AUTRES,7,2024,Qtr 3,juillet,31
AUTRES,7,2024,Qtr 3,août,2
AUTRES,7,2024,Qtr 3,août,11
AUTRES,7,2024,Qtr 3,août,25
AUTRES,7,2024,Qtr 3,septembre,1
AUTRES,7,2024,Qtr 3,septembre,28
AUTRES,7,2024,Qtr 4,octobre,31
AUTRES,7,2024,Qtr 4,novembre,15
AUTRES,7,2024,Qtr 4,novembre,24
AUTRES,7,2024,Qtr 4,novembre,29
BOISSONS,7,2024,Qtr 1,janvier,6
BOISSONS,7,2024,Qtr 1,janvier,11
BOISSONS,7,2024,Qtr 1,janvier,20
BOISSONS,7,2024,Qtr 2,avril,13
BOISSONS,7,2024,Qtr 2,juin,5
BOISSONS,7,2024,Qtr 2,juin,11
BOISSONS,7,2024,Qtr 3,juillet,9
BOISSONS,7,2024,Qtr 3,juillet,17
BOISSONS,7,2024,Qtr 3,juillet,28
BOISSONS,7,2024,Qtr 3,septembre,5
BOISSONS,7,2024,Qtr 3,septembre,29
CAFÉ & THÉ,7,2024,Qtr 1,janvier,11
CAFÉ & THÉ,7,2024,Qtr 1,février,5
CAFÉ & THÉ,7,2024,Qtr 1,février,28
CAFÉ & THÉ,7,2024,Qtr 2,avril,28
CAFÉ & THÉ,7,2024,Qtr 2,mai,30
CAFÉ & THÉ,7,2024,Qtr 2,juin,21
CAFÉ & THÉ,7,2024,Qtr 3,août,2
CAFÉ & THÉ,7,2024,Qtr 3,août,4
CAFÉ & THÉ,7,2024,Qtr 3,août,21
CAFÉ & THÉ,7,2024,Qtr 3,septembre,4
CAFÉ & THÉ,7,2024,Qtr 4,octobre,16
CAFÉ & THÉ,7,2024,Qtr 4,novembre,21
CAFÉ & THÉ,7,2024,Qtr 4,décembre,19
CAFÉ & THÉ,7,2024,Qtr 4,décembre,22
EPICERIE,7,2024,Qtr 1,février,3
EPICERIE,7,2024,Qtr 1,mars,9
EPICERIE,7,2024,Qtr 1,mars,16
EPICERIE,7,2024,Qtr 2,mai,7
EPICERIE,7,2024,Qtr 2,mai,25
EPICERIE,7,2024,Qtr 3,juillet,14
EPICERIE,7,2024,Qtr 3,juillet,24
EPICERIE,7,2024,Qtr 3,juillet,31
EPICERIE,7,2024,Qtr 3,août,21
EPICERIE,7,2024,Qtr 4,octobre,20
EPICERIE,7,2024,Qtr 4,novembre,8
EPICERIE,7,2024,Qtr 4,décembre,31
FRAIS,7,2024,Qtr 1,janvier,3
FRAIS,7,2024,Qtr 1,janvier,20
FRAIS,7,2024,Qtr 1,février,22
FRAIS,7,2024,Qtr 2,avril,23
FRAIS,7,2024,Qtr 2,avril,30
FRAIS,7,2024,Qtr 4,octobre,12
FRAIS,7,2024,Qtr 4,décembre,7
FRAIS,7,2024,Qtr 4,décembre,27
HYGIENE,7,2024,Qtr 1,janvier,15
HYGIENE,7,2024,Qtr 1,janvier,16
HYGIENE,7,2024,Qtr 1,janvier,17
HYGIENE,7,2024,Qtr 1,février,28
HYGIENE,7,2024,Qtr 1,mars,16
HYGIENE,7,2024,Qtr 2,mai,14
HYGIENE,7,2024,Qtr 2,juin,12
HYGIENE,7,2024,Qtr 2,juin,15
HYGIENE,7,2024,Qtr 2,juin,22
HYGIENE,7,2024,Qtr 3,août,22
HYGIENE,7,2024,Qtr 4,décembre,7
HYGIENE,7,2024,Qtr 4,décembre,19
HYGIENE,7,2024,Qtr 4,décembre,23
AUTRES,6,2024,Qtr 1,février,20
AUTRES,6,2024,Qtr 2,avril,9
AUTRES,6,2024,Qtr 2,avril,15
AUTRES,6,2024,Qtr 2,mai,13
AUTRES,6,2024,Qtr 2,mai,28
AUTRES,6,2024,Qtr 3,septembre,7
AUTRES,6,2024,Qtr 3,septembre,18
AUTRES,6,2024,Qtr 4,octobre,4
AUTRES,6,2024,Qtr 4,décembre,4
AUTRES,6,2024,Qtr 4,décembre,16
BOISSONS,6,2024,Qtr 1,janvier,4
BOISSONS,6,2024,Qtr 1,janvier,27
BOISSONS,6,2024,Qtr 1,mars,11
BOISSONS,6,2024,Qtr 2,avril,15
BOISSONS,6,2024,Qtr 4,octobre,30
CAFÉ & THÉ,6,2024,Qtr 1,janvier,7
CAFÉ & THÉ,6,2024,Qtr 1,février,13
CAFÉ & THÉ,6,2024,Qtr 1,mars,24
CAFÉ & THÉ,6,2024,Qtr 2,juin,5
CAFÉ & THÉ,6,2024,Qtr 3,août,6
CAFÉ & THÉ,6,2024,Qtr 3,août,23
CAFÉ & THÉ,6,2024,Qtr 3,septembre,24
CAFÉ & THÉ,6,2024,Qtr 4,décembre,4
CAFÉ & THÉ,6,2024,Qtr 4,décembre,23
CAFÉ & THÉ,6,2024,Qtr 4,décembre,29
CAFÉ & THÉ,6,2024,Qtr 4,décembre,30
EPICERIE,6,2024,Qtr 1,février,11
EPICERIE,6,2024,Qtr 2,juin,5
EPICERIE,6,2024,Qtr 3,juillet,21
EPICERIE,6,2024,Qtr 3,septembre,4
EPICERIE,6,2024,Qtr 4,décembre,30
FRAIS,6,2024,Qtr 2,avril,13
FRAIS,6,2024,Qtr 2,avril,28
FRAIS,6,2024,Qtr 2,mai,17
FRAIS,6,2024,Qtr 2,mai,19
FRAIS,6,2024,Qtr 3,août,23
FRAIS,6,2024,Qtr 3,août,26
FRAIS,6,2024,Qtr 4,octobre,16
FRAIS,6,2024,Qtr 4,octobre,20
FRAIS,6,2024,Qtr 4,octobre,24
FRAIS,6,2024,Qtr 4,novembre,2
FRAIS,6,2024,Qtr 4,novembre,30
HYGIENE,6,2024,Qtr 1,mars,12
HYGIENE,6,2024,Qtr 2,mai,25
HYGIENE,6,2024,Qtr 3,juillet,2
HYGIENE,6,2024,Qtr 3,juillet,9
HYGIENE,6,2024,Qtr 3,septembre,2
HYGIENE,6,2024,Qtr 3,septembre,23
HYGIENE,6,2024,Qtr 4,octobre,4
HYGIENE,6,2024,Qtr 4,octobre,22
HYGIENE,6,2024,Qtr 4,octobre,30
HYGIENE,6,2024,Qtr 4,novembre,19
HYGIENE,6,2024,Qtr 4,novembre,26
AUTRES,5,2024,Qtr 1,janvier,10
AUTRES,5,2024,Qtr 1,janvier,19
AUTRES,5,2024,Qtr 1,janvier,25
AUTRES,5,2024,Qtr 1,février,18
AUTRES,5,2024,Qtr 1,février,23
AUTRES,5,2024,Qtr 2,mai,10
AUTRES,5,2024,Qtr 2,juin,1
AUTRES,5,2024,Qtr 3,juillet,7
AUTRES,5,2024,Qtr 3,août,30
BOISSONS,5,2024,Qtr 1,janvier,26
BOISSONS,5,2024,Qtr 1,février,23
BOISSONS,5,2024,Qtr 3,septembre,6
BOISSONS,5,2024,Qtr 4,octobre,12
BOISSONS,5,2024,Qtr 4,novembre,5
BOISSONS,5,2024,Qtr 4,novembre,10
BOISSONS,5,2024,Qtr 4,novembre,12
CAFÉ & THÉ,5,2024,Qtr 1,janvier,21
CAFÉ & THÉ,5,2024,Qtr 1,janvier,24
CAFÉ & THÉ,5,2024,Qtr 1,février,18
CAFÉ & THÉ,5,2024,Qtr 2,mai,2
CAFÉ & THÉ,5,2024,Qtr 2,mai,9
CAFÉ & THÉ,5,2024,Qtr 4,octobre,4
CAFÉ & THÉ,5,2024,Qtr 4,décembre,18
EPICERIE,5,2024,Qtr 1,janvier,23
EPICERIE,5,2024,Qtr 1,mars,6
EPICERIE,5,2024,Qtr 1,mars,19
EPICERIE,5,2024,Qtr 1,mars,28
EPICERIE,5,2024,Qtr 2,mai,24
EPICERIE,5,2024,Qtr 3,juillet,2
EPICERIE,5,2024,Qtr 4,octobre,5
EPICERIE,5,2024,Qtr 4,octobre,19
EPICERIE,5,2024,Qtr 4,novembre,25
FRAIS,5,2024,Qtr 1,février,3
FRAIS,5,2024,Qtr 1,février,17
FRAIS,5,2024,Qtr 1,mars,2
FRAIS,5,2024,Qtr 2,avril,26
FRAIS,5,2024,Qtr 2,mai,12
FRAIS,5,2024,Qtr 2,juin,15
FRAIS,5,2024,Qtr 3,juillet,3
FRAIS,5,2024,Qtr 3,juillet,11
FRAIS,5,2024,Qtr 3,août,1
FRAIS,5,2024,Qtr 3,août,22
FRAIS,5,2024,Qtr 4,décembre,20
HYGIENE,5,2024,Qtr 1,mars,13
HYGIENE,5,2024,Qtr 2,avril,11
HYGIENE,5,2024,Qtr 3,juillet,4
HYGIENE,5,2024,Qtr 4,octobre,20
HYGIENE,5,2024,Qtr 4,octobre,27
HYGIENE,5,2024,Qtr 4,octobre,29
HYGIENE,5,2024,Qtr 4,novembre,10
AUTRES,4,2024,Qtr 1,février,13
AUTRES,4,2024,Qtr 1,février,16
AUTRES,4,2024,Qtr 1,février,26
AUTRES,4,2024,Qtr 1,mars,6
AUTRES,4,2024,Qtr 2,avril,7
AUTRES,4,2024,Qtr 2,avril,14
AUTRES,4,2024,Qtr 2,mai,4
AUTRES,4,2024,Qtr 2,mai,26
AUTRES,4,2024,Qtr 3,juillet,2
AUTRES,4,2024,Qtr 3,août,14
AUTRES,4,2024,Qtr 3,septembre,22
AUTRES,4,2024,Qtr 4,décembre,5
AUTRES,4,2024,Qtr 4,décembre,26
BOISSONS,4,2024,Qtr 1,février,16
BOISSONS,4,2024,Qtr 2,avril,30
BOISSONS,4,2024,Qtr 2,mai,23
BOISSONS,4,2024,Qtr 3,juillet,11
BOISSONS,4,2024,Qtr 3,août,16
BOISSONS,4,2024,Qtr 3,août,31
BOISSONS,4,2024,Qtr 3,septembre,13
BOISSONS,4,2024,Qtr 4,novembre,17
BOISSONS,4,2024,Qtr 4,novembre,23
BOISSONS,4,2024,Qtr 4,novembre,29
BOISSONS,4,2024,Qtr 4,décembre,6
BOISSONS,4,2024,Qtr 4,décembre,27
CAFÉ & THÉ,4,2024,Qtr 1,janvier,28
CAFÉ & THÉ,4,2024,Qtr 1,mars,18
CAFÉ & THÉ,4,2024,Qtr 1,mars,25
CAFÉ & THÉ,4,2024,Qtr 2,avril,8
CAFÉ & THÉ,4,2024,Qtr 2,avril,12
CAFÉ & THÉ,4,2024,Qtr 2,juin,28
CAFÉ & THÉ,4,2024,Qtr 3,septembre,11
CAFÉ & THÉ,4,2024,Qtr 3,septembre,22
CAFÉ & THÉ,4,2024,Qtr 4,octobre,25
CAFÉ & THÉ,4,2024,Qtr 4,novembre,1
CAFÉ & THÉ,4,2024,Qtr 4,novembre,10
CAFÉ & THÉ,4,2024,Qtr 4,novembre,23
CAFÉ & THÉ,4,2024,Qtr 4,décembre,2
CAFÉ & THÉ,4,2024,Qtr 4,décembre,7
EPICERIE,4,2024,Qtr 1,février,29
EPICERIE,4,2024,Qtr 1,mars,27
EPICERIE,4,2024,Qtr 2,mai,29
EPICERIE,4,2024,Qtr 3,juillet,6
EPICERIE,4,2024,Qtr 3,juillet,11
EPICERIE,4,2024,Qtr 3,août,12
EPICERIE,4,2024,Qtr 4,octobre,1
EPICERIE,4,2024,Qtr 4,octobre,27
FRAIS,4,2024,Qtr 1,janvier,19
FRAIS,4,2024,Qtr 1,février,11
FRAIS,4,2024,Qtr 1,février,18
FRAIS,4,2024,Qtr 1,mars,7
FRAIS,4,2024,Qtr 2,mai,4
FRAIS,4,2024,Qtr 2,mai,21
FRAIS,4,2024,Qtr 2,mai,30
FRAIS,4,2024,Qtr 2,juin,19
FRAIS,4,2024,Qtr 2,juin,22
FRAIS,4,2024,Qtr 3,juillet,15
FRAIS,4,2024,Qtr 3,juillet,31
FRAIS,4,2024,Qtr 3,août,6
FRAIS,4,2024,Qtr 3,septembre,3
FRAIS,4,2024,Qtr 3,septembre,29
FRAIS,4,2024,Qtr 4,octobre,31
FRAIS,4,2024,Qtr 4,novembre,15
FRAIS,4,2024,Qtr 4,décembre,11
FRAIS,4,2024,Qtr 4,décembre,26
HYGIENE,4,2024,Qtr 1,janvier,12
HYGIENE,4,2024,Qtr 1,janvier,20
HYGIENE,4,2024,Qtr 1,janvier,30
HYGIENE,4,2024,Qtr 1,mars,10
HYGIENE,4,2024,Qtr 2,avril,2
HYGIENE,4,2024,Qtr 2,mai,7
HYGIENE,4,2024,Qtr 2,juin,29
AUTRES,3,2024,Qtr 1,janvier,2
AUTRES,3,2024,Qtr 1,février,15
AUTRES,3,2024,Qtr 1,mars,4
AUTRES,3,2024,Qtr 1,mars,14
AUTRES,3,2024,Qtr 2,avril,21
AUTRES,3,2024,Qtr 2,mai,7
AUTRES,3,2024,Qtr 4,octobre,1
AUTRES,3,2024,Qtr 4,novembre,6
BOISSONS,3,2024,Qtr 1,janvier,16
BOISSONS,3,2024,Qtr 1,janvier,24
BOISSONS,3,2024,Qtr 1,février,7
BOISSONS,3,2024,Qtr 1,mars,23
BOISSONS,3,2024,Qtr 2,avril,27
BOISSONS,3,2024,Qtr 2,mai,4
BOISSONS,3,2024,Qtr 2,juin,28
BOISSONS,3,2024,Qtr 3,juillet,3
BOISSONS,3,2024,Qtr 4,octobre,26
BOISSONS,3,2024,Qtr 4,novembre,7
BOISSONS,3,2024,Qtr 4,novembre,11
CAFÉ & THÉ,3,2024,Qtr 1,février,3
CAFÉ & THÉ,3,2024,Qtr 2,mai,18
CAFÉ & THÉ,3,2024,Qtr 2,mai,19
CAFÉ & THÉ,3,2024,Qtr 2,juin,9
CAFÉ & THÉ,3,2024,Qtr 3,août,11
CAFÉ & THÉ,3,2024,Qtr 4,décembre,27
EPICERIE,3,2024,Qtr 1,février,2
EPICERIE,3,2024,Qtr 1,février,9
EPICERIE,3,2024,Qtr 1,février,23
EPICERIE,3,2024,Qtr 1,mars,21
EPICERIE,3,2024,Qtr 2,avril,30
EPICERIE,3,2024,Qtr 2,juin,10
EPICERIE,3,2024,Qtr 2,juin,20
EPICERIE,3,2024,Qtr 3,septembre,6
EPICERIE,3,2024,Qtr 4,octobre,7
EPICERIE,3,2024,Qtr 4,novembre,9
EPICERIE,3,2024,Qtr 4,novembre,22
EPICERIE,3,2024,Qtr 4,décembre,10
FRAIS,3,2024,Qtr 1,février,15
FRAIS,3,2024,Qtr 1,février,25
FRAIS,3,2024,Qtr 1,mars,15
FRAIS,3,2024,Qtr 2,avril,22
FRAIS,3,2024,Qtr 2,mai,14
FRAIS,3,2024,Qtr 2,juin,16
FRAIS,3,2024,Qtr 2,juin,26
FRAIS,3,2024,Qtr 3,juillet,14
FRAIS,3,2024,Qtr 3,juillet,20
FRAIS,3,2024,Qtr 3,septembre,8
FRAIS,3,2024,Qtr 4,octobre,4
FRAIS,3,2024,Qtr 4,décembre,29
HYGIENE,3,2024,Qtr 1,janvier,4
HYGIENE,3,2024,Qtr 1,février,9
HYGIENE,3,2024,Qtr 2,avril,13
HYGIENE,3,2024,Qtr 3,septembre,3
HYGIENE,3,2024,Qtr 3,septembre,25
HYGIENE,3,2024,Qtr 4,novembre,2
HYGIENE,3,2024,Qtr 4,novembre,7
HYGIENE,3,2024,Qtr 4,novembre,8
AUTRES,2,2024,Qtr 2,mai,20
AUTRES,2,2024,Qtr 2,juin,9
AUTRES,2,2024,Qtr 3,juillet,6
AUTRES,2,2024,Qtr 3,juillet,14
BOISSONS,2,2024,Qtr 1,février,29
BOISSONS,2,2024,Qtr 2,avril,17
BOISSONS,2,2024,Qtr 2,mai,10
BOISSONS,2,2024,Qtr 2,mai,14
BOISSONS,2,2024,Qtr 3,juillet,20
BOISSONS,2,2024,Qtr 3,août,6
BOISSONS,2,2024,Qtr 3,août,12
BOISSONS,2,2024,Qtr 4,novembre,26
BOISSONS,2,2024,Qtr 4,novembre,28
BOISSONS,2,2024,Qtr 4,décembre,12
CAFÉ & THÉ,2,2024,Qtr 1,janvier,20
CAFÉ & THÉ,2,2024,Qtr 2,avril,24
CAFÉ & THÉ,2,2024,Qtr 2,mai,6
CAFÉ & THÉ,2,2024,Qtr 2,mai,21
CAFÉ & THÉ,2,2024,Qtr 2,juin,15
CAFÉ & THÉ,2,2024,Qtr 3,juillet,10
CAFÉ & THÉ,2,2024,Qtr 3,août,9
CAFÉ & THÉ,2,2024,Qtr 3,septembre,30
CAFÉ & THÉ,2,2024,Qtr 4,octobre,9
EPICERIE,2,2024,Qtr 1,février,27
EPICERIE,2,2024,Qtr 2,avril,12
EPICERIE,2,2024,Qtr 3,juillet,9
EPICERIE,2,2024,Qtr 3,août,5
EPICERIE,2,2024,Qtr 3,août,13
EPICERIE,2,2024,Qtr 3,septembre,30
EPICERIE,2,2024,Qtr 4,décembre,6
EPICERIE,2,2024,Qtr 4,décembre,23
FRAIS,2,2024,Qtr 1,janvier,8
FRAIS,2,2024,Qtr 1,mars,26
FRAIS,2,2024,Qtr 1,mars,30
FRAIS,2,2024,Qtr 2,avril,3
FRAIS,2,2024,Qtr 3,septembre,5
FRAIS,2,2024,Qtr 3,septembre,22
FRAIS,2,2024,Qtr 4,octobre,9
FRAIS,2,2024,Qtr 4,décembre,1
FRAIS,2,2024,Qtr 4,décembre,5
HYGIENE,2,2024,Qtr 1,janvier,11
HYGIENE,2,2024,Qtr 1,mars,20
HYGIENE,2,2024,Qtr 2,avril,10
HYGIENE,2,2024,Qtr 3,août,14
HYGIENE,2,2024,Qtr 3,août,23
HYGIENE,2,2024,Qtr 3,août,31
HYGIENE,2,2024,Qtr 4,octobre,17
HYGIENE,2,2024,Qtr 4,novembre,21
AUTRES,1,2024,Qtr 1,janvier,16
AUTRES,1,2024,Qtr 1,mars,30
AUTRES,1,2024,Qtr 4,octobre,16
BOISSONS,1,2024,Qtr 1,février,11
BOISSONS,1,2024,Qtr 1,février,19
BOISSONS,1,2024,Qtr 2,mai,11
BOISSONS,1,2024,Qtr 2,mai,16
BOISSONS,1,2024,Qtr 3,août,9
BOISSONS,1,2024,Qtr 4,octobre,22
CAFÉ & THÉ,1,2024,Qtr 1,février,25
CAFÉ & THÉ,1,2024,Qtr 3,juillet,25
CAFÉ & THÉ,1,2024,Qtr 4,octobre,7
CAFÉ & THÉ,1,2024,Qtr 4,novembre,3
EPICERIE,1,2024,Qtr 1,mars,5
EPICERIE,1,2024,Qtr 2,mai,30
EPICERIE,1,2024,Qtr 3,août,17
EPICERIE,1,2024,Qtr 4,novembre,1
EPICERIE,1,2024,Qtr 4,décembre,15
FRAIS,1,2024,Qtr 1,janvier,6
FRAIS,1,2024,Qtr 1,janvier,31
FRAIS,1,2024,Qtr 1,février,21
FRAIS,1,2024,Qtr 1,mars,27
FRAIS,1,2024,Qtr 2,mai,3
FRAIS,1,2024,Qtr 2,mai,15
FRAIS,1,2024,Qtr 4,novembre,19
HYGIENE,1,2024,Qtr 2,avril,4
HYGIENE,1,2024,Qtr 2,juin,8
HYGIENE,1,2024,Qtr 3,juillet,7
HYGIENE,1,2024,Qtr 3,juillet,14
HYGIENE,1,2024,Qtr 3,août,7
HYGIENE,1,2024,Qtr 3,septembre,21
HYGIENE,1,2024,Qtr 4,décembre,1
HYGIENE,1,2024,Qtr 4,décembre,9
HYGIENE,1,2024,Qtr 4,décembre,13
HYGIENE,1,2024,Qtr 4,décembre,29
